Dataset,Attack,Resolution,AddressSize,TrainTime_s,InferTime_Adv_s,Acc_Drop_pp,Clean_Acc,Clean_Precision,Clean_Recall,Clean_F1,Clean_MCC,Clean_FAR,Clean_ASR,Clean_AUC,Clean_PR_AUC,Clean_F1_Macro,Clean_Miss_analysis,Clean_Miss_backdoor,Clean_Miss_dos,Clean_Miss_exploits,Clean_Miss_fuzzers,Clean_Miss_generic,Clean_Miss_reconnaissance,Clean_Miss_shellcode,Clean_Miss_worms,Adv_Acc,Adv_Precision,Adv_Recall,Adv_F1,Adv_MCC,Adv_FAR,Adv_ASR,Adv_AUC,Adv_PR_AUC,Adv_F1_Macro,Adv_Miss_analysis,Adv_Miss_backdoor,Adv_Miss_dos,Adv_Miss_exploits,Adv_Miss_fuzzers,Adv_Miss_generic,Adv_Miss_reconnaissance,Adv_Miss_shellcode,Adv_Miss_worms
UNSW-NB15,FGSM,1,5,0.29482340812683105,1055.3958928585052,28.580624787445945,0.6987805470533935,0.7326201308038357,0.6987805470533935,0.6450166786156678,0.5714399421824954,0.15032432432432433,0.252250066178417,0.6045041001741825,0.21525611366983982,0.22724297531024423,0.08567208271787297,0.07890222984562607,0.12961604304230864,0.28790873158462094,0.697129660178159,0.019394838641301468,0.7505720823798627,0.9788359788359788,0.22727272727272727,0.4129742991789341,0.4453017988491359,0.4129742991789341,0.3186675131758811,0.05463899459707837,0.16245945945945947,0.8139945292508604,0.5096584368980149,0.10602633895618416,0.09900952800076399,0.7813884785819794,0.7564322469982847,0.7510393739300563,0.7724577793747754,0.8160673045199605,0.9090138307455885,0.5389016018306636,0.6402116402116402,0.75
UNSW-NB15,RANDOM_LINF,1,5,0.29482340812683105,820.798267364502,26.395569159014716,0.6987805470533935,0.7326201308038357,0.6987805470533935,0.6450166786156678,0.5714399421824954,0.15032432432432433,0.252250066178417,0.6045041001741825,0.21525611366983982,0.22724297531024423,0.08567208271787297,0.07890222984562607,0.12961604304230864,0.28790873158462094,0.697129660178159,0.019394838641301468,0.7505720823798627,0.9788359788359788,0.22727272727272727,0.4348248554632464,0.5288911659323053,0.4348248554632464,0.3811614872098629,0.1856097743092198,0.17370270270270272,0.510985617224036,0.5324875728237627,0.12037313009399016,0.1242111278905281,0.23929098966026588,0.25900514579759865,0.3570555147957936,0.6174092705713259,0.6369185087429892,0.43792061893911294,0.6072654462242563,0.6322751322751323,0.7045454545454546
UNSW-NB15,RANDOM_L2,1,5,0.29482340812683105,800.9048805236816,26.82189185249963,0.6987805470533935,0.7326201308038357,0.6987805470533935,0.6450166786156678,0.5714399421824954,0.15032432432432433,0.252250066178417,0.6045041001741825,0.21525611366983982,0.22724297531024423,0.08567208271787297,0.07890222984562607,0.12961604304230864,0.28790873158462094,0.697129660178159,0.019394838641301468,0.7505720823798627,0.9788359788359788,0.22727272727272727,0.43056162852839724,0.5245511876458502,0.43056162852839724,0.3780810694036368,0.17939513431466494,0.18172972972972973,0.5118018177005206,0.5315134183693321,0.11968973789473665,0.12306453389415313,0.24963072378138848,0.2555746140651801,0.34849596478356565,0.6228889687387711,0.6232266578686902,0.44348471199194534,0.6032608695652174,0.6349206349206349,0.6363636363636364
UNSW-NB15,FGSM,1,10,0.2822704315185547,607.9948296546936,44.489384443472765,0.6986347957051936,0.6534431554232801,0.6986347957051936,0.6451041193718704,0.5710287709157049,0.1501891891891892,0.2524927203741287,0.6044720215244166,0.21521774847303354,0.22745929999880338,0.08567208271787297,0.07890222984562607,0.12961604304230864,0.2876392382321236,0.6997690531177829,0.019394838641301468,0.75,0.9788359788359788,0.22727272727272727,0.2537409512704659,0.42571711101017035,0.2537409512704659,0.21543024048715018,0.030753020427290292,0.6822972972972973,0.36962851848583783,0.5132383393232406,0.1040925747342603,0.0830599750142145,0.07090103397341212,0.03773584905660377,0.07385668867693812,0.09656845131153431,0.3683602771362587,0.6763287584123788,0.07408466819221968,0.1111111111111111,0.2727272727272727
UNSW-NB15,RANDOM_LINF,1,10,0.2822704315185547,348.16668462753296,43.82135743088957,0.6986347957051936,0.6534431554232801,0.6986347957051936,0.6451041193718704,0.5710287709157049,0.1501891891891892,0.2524927203741287,0.6044720215244166,0.21521774847303354,0.22745929999880338,0.08567208271787297,0.07890222984562607,0.12961604304230864,0.2876392382321236,0.6997690531177829,0.019394838641301468,0.75,0.9788359788359788,0.22727272727272727,0.2604212213962979,0.490991263213316,0.2604212213962979,0.26031349491234557,0.07828728414273575,0.6574324324324324,0.26365481337686403,0.5209014533976577,0.11085754365622644,0.09640304132084802,0.029542097488921712,0.04631217838765009,0.10467106872095867,0.24326266618756737,0.2773012207192346,0.3163584335753272,0.2820366132723112,0.3201058201058201,0.25
UNSW-NB15,RANDOM_L2,1,10,0.2822704315185547,345.0014111995697,44.067920128261186,0.6986347957051936,0.6534431554232801,0.6986347957051936,0.6451041193718704,0.5710287709157049,0.1501891891891892,0.2524927203741287,0.6044720215244166,0.21521774847303354,0.22745929999880338,0.08567208271787297,0.07890222984562607,0.12961604304230864,0.2876392382321236,0.6997690531177829,0.019394838641301468,0.75,0.9788359788359788,0.22727272727272727,0.25795559442258176,0.48185931721306796,0.25795559442258176,0.2580859947060821,0.07254842653321988,0.655918918918919,0.27219182917144624,0.5191724211745308,0.11014921042907384,0.09461367653479928,0.03840472673559823,0.036020583190394515,0.10613842015162632,0.2548508803449515,0.28340481689211483,0.3279105505802554,0.27831807780320367,0.34656084656084657,0.25
UNSW-NB15,FGSM,1,15,0.2732846736907959,378.9149613380432,41.89258125637662,0.6987076713792936,0.7176188012206064,0.6987076713792936,0.6453418462636663,0.5711821964778101,0.15032432432432433,0.2523603635401041,0.6045641895422188,0.21528566035870123,0.22779503017428948,0.08567208271787297,0.07890222984562607,0.12961604304230864,0.2876392382321236,0.698779280765424,0.019394838641301468,0.75,0.9788359788359788,0.22727272727272727,0.27978185881552736,0.27901772705337546,0.27978185881552736,0.24496736915108558,0.04052434968581383,0.6102972972972973,0.40812229771463865,0.5139579367418401,0.10470052057649244,0.08990556566490708,0.0930576070901034,0.04974271012006861,0.09953533871362191,0.17454186130075458,0.4660178159023425,0.6600074187907371,0.19336384439359267,0.24603174603174602,0.22727272727272727
UNSW-NB15,RANDOM_LINF,1,15,0.2732846736907959,266.49846720695496,41.682456396054995,0.6987076713792936,0.7176188012206064,0.6987076713792936,0.6453418462636663,0.5711821964778101,0.15032432432432433,0.2523603635401041,0.6045641895422188,0.21528566035870123,0.22779503017428948,0.08567208271787297,0.07890222984562607,0.12961604304230864,0.2876392382321236,0.698779280765424,0.019394838641301468,0.75,0.9788359788359788,0.22727272727272727,0.2818831074187436,0.3953042081562799,0.2818831074187436,0.28560643486170056,0.07331759865053152,0.5688108108108109,0.3132665666637254,0.5162109551906843,0.1073998834768134,0.10050800587091083,0.04874446085672083,0.0634648370497427,0.15138175593054537,0.34890406036651095,0.35252391949851536,0.3208097080175931,0.36498855835240274,0.38095238095238093,0.38636363636363635
UNSW-NB15,RANDOM_L2,1,15,0.2732846736907959,263.8384041786194,41.78448233979498,0.6987076713792936,0.7176188012206064,0.6987076713792936,0.6453418462636663,0.5711821964778101,0.15032432432432433,0.2523603635401041,0.6045641895422188,0.21528566035870123,0.22779503017428948,0.08567208271787297,0.07890222984562607,0.12961604304230864,0.2876392382321236,0.698779280765424,0.019394838641301468,0.75,0.9788359788359788,0.22727272727272727,0.2808628479813438,0.3852364576652626,0.2808628479813438,0.2845999628110738,0.07039022008713637,0.5694324324324325,0.3176564016588723,0.515515640216652,0.10694617673919375,0.09997180087840477,0.04579025110782865,0.048027444253859346,0.14575690877965272,0.3558210564139418,0.3606070603761135,0.3276455937682158,0.35755148741418763,0.3941798941798942,0.36363636363636365
UNSW-NB15,FGSM,1,20,0.2689485549926758,203.07438039779663,29.317883690424136,0.6985983578681436,0.6968050796879841,0.6985983578681436,0.6443664701092106,0.5705709296440494,0.15075675675675676,0.25165446042530665,0.6045633083763596,0.21424246548378573,0.22758170696729593,0.08567208271787297,0.07890222984562607,0.12790413303986306,0.2871900826446281,0.6963048498845266,0.01934184727889354,0.7488558352402745,0.9788359788359788,0.22727272727272727,0.40541952096390227,0.46930597528677687,0.40541952096390227,0.3144974282356383,0.07649461686312381,0.17124324324324325,0.7027927291979176,0.5112636979147492,0.10595254092208346,0.09258313357956671,0.7740029542097489,0.7478559176672385,0.7388114453411592,0.75700682716493,0.754041570438799,0.6872449790684119,0.488558352402746,0.48148148148148145,0.4772727272727273
UNSW-NB15,RANDOM_LINF,1,20,0.2689485549926758,117.45893430709839,26.674925909731336,0.6985983578681436,0.6968050796879841,0.6985983578681436,0.6443664701092106,0.5705709296440494,0.15075675675675676,0.25165446042530665,0.6045633083763596,0.21424246548378573,0.22758170696729593,0.08567208271787297,0.07890222984562607,0.12790413303986306,0.2871900826446281,0.6963048498845266,0.01934184727889354,0.7488558352402745,0.9788359788359788,0.22727272727272727,0.4318490987708303,0.5184788018878472,0.4318490987708303,0.37238380463817405,0.1863643308681509,0.17194594594594595,0.489852642724786,0.5337479423044078,0.11974283386071556,0.11584436813361318,0.17725258493353027,0.20754716981132076,0.3438493519197848,0.6548688465684513,0.6080501484658528,0.3819617402363415,0.6032608695652174,0.6216931216931217,0.7045454545454546
UNSW-NB15,RANDOM_L2,1,20,0.2689485549926758,116.21732687950134,26.89719671573629,0.6985983578681436,0.6968050796879841,0.6985983578681436,0.6443664701092106,0.5705709296440494,0.15075675675675676,0.25165446042530665,0.6045633083763596,0.21424246548378573,0.22758170696729593,0.08567208271787297,0.07890222984562607,0.12790413303986306,0.2871900826446281,0.6963048498845266,0.01934184727889354,0.7488558352402745,0.9788359788359788,0.22727272727272727,0.42962639071078074,0.5144886703889306,0.42962639071078074,0.3710155000168246,0.18314699331326906,0.17805405405405406,0.4917497573458043,0.5335483552085977,0.11950396744496869,0.1157981995836449,0.19793205317577547,0.20411663807890223,0.3338224504768892,0.6550485088034496,0.5986473111184427,0.39256001271792695,0.5966819221967964,0.5978835978835979,0.75
UNSW-NB15,FGSM,2,5,0.5660970211029053,598.5135366916656,20.883739007919154,0.6660107855997668,0.6616811172689814,0.6660107855997668,0.6357337862723309,0.5235511042206027,0.20091891891891892,0.24499249977940527,0.6007930144412806,0.20831782886906228,0.23669094410102773,0.03840472673559823,0.0634648370497427,0.18831010026901443,0.4294825727632052,0.3871659518310788,0.024693974882094218,0.676487414187643,0.7248677248677249,0.9090909090909091,0.45717339552057523,0.5227454165909459,0.45717339552057523,0.42217321607546887,0.20290131301635503,0.21432432432432433,0.5330671490337952,0.5387558302017663,0.12815666893083097,0.1528343056943744,0.028064992614475627,0.08747855917667238,0.18561995597945707,0.5039525691699605,0.4905971626525899,0.6850193418472789,0.45337528604118993,0.5661375661375662,0.5909090909090909
UNSW-NB15,RANDOM_LINF,2,5,0.5660970211029053,504.4598858356476,19.53068065879609,0.6660107855997668,0.6616811172689814,0.6660107855997668,0.6357337862723309,0.5235511042206027,0.20091891891891892,0.24499249977940527,0.6007930144412806,0.20831782886906228,0.23669094410102773,0.03840472673559823,0.0634648370497427,0.18831010026901443,0.4294825727632052,0.3871659518310788,0.024693974882094218,0.676487414187643,0.7248677248677249,0.9090909090909091,0.4707039790118059,0.5432702118881363,0.4707039790118059,0.4301396049182791,0.23311902482403432,0.17054054054054055,0.506639901173564,0.5439883064338606,0.13141527568056702,0.14845797382715395,0.07385524372230429,0.07718696397941681,0.23453167033504524,0.584800574919152,0.5168261299901022,0.5301785808913148,0.5778032036613272,0.5687830687830688,0.6818181818181818
UNSW-NB15,RANDOM_L2,2,5,0.5660970211029053,72.40047693252563,43.48248554632463,0.6660107855997668,0.6616811172689814,0.6660107855997668,0.6357337862723309,0.5235511042206027,0.20091891891891892,0.24499249977940527,0.6007930144412806,0.20831782886906228,0.23669094410102773,0.03840472673559823,0.0634648370497427,0.18831010026901443,0.4294825727632052,0.3871659518310788,0.024693974882094218,0.676487414187643,0.7248677248677249,0.9090909090909091,0.23118593013652042,0.42014180550018254,0.23118593013652042,0.2638582549009962,0.07400726085276813,0.728081081081081,0.1894688079061149,0.518623125970533,0.11090415069891243,0.10531524825584651,0.03545051698670606,0.03945111492281304,0.07776962582538519,0.19520301832554798,0.1885516331243814,0.2217158603147687,0.1853546910755149,0.164021164021164,0.3181818181818182
UNSW-NB15,FGSM,2,10,0.599323034286499,453.4898872375488,12.529757566924154,0.6147670407617937,0.6471148794688847,0.6147670407617937,0.5976918529489628,0.4665963339501405,0.29686486486486485,0.2435806935498103,0.5928410822593886,0.1974353547349838,0.22462302751794402,0.08419497784342689,0.06174957118353345,0.10760577158229397,0.3150377290693496,0.39640382711976246,0.11504424778761062,0.6101258581235698,0.7116402116402116,0.5909090909090909,0.4894694650925521,0.5416926245388267,0.4894694650925521,0.47273418281363083,0.27468552379250055,0.2998918918918919,0.413945998411718,0.5575257972096413,0.14579352061289214,0.18048239804179006,0.0413589364844904,0.05317324185248713,0.10736121301051602,0.28907653611210926,0.47575057736720555,0.5879391659159557,0.25200228832951943,0.43915343915343913,0.5227272727272727
UNSW-NB15,RANDOM_LINF,2,10,0.599323034286499,377.20948696136475,16.54885099353835,0.6147670407617937,0.6471148794688847,0.6147670407617937,0.5976918529489628,0.4665963339501405,0.29686486486486485,0.2435806935498103,0.5928410822593886,0.1974353547349838,0.22462302751794402,0.08419497784342689,0.06174957118353345,0.10760577158229397,0.3150377290693496,0.39640382711976246,0.11504424778761062,0.6101258581235698,0.7116402116402116,0.5909090909090909,0.44927853082641017,0.547874979433861,0.44927853082641017,0.45668898145650627,0.24624493293275435,0.3558918918918919,0.3498852907438454,0.5538026854686462,0.1440349266075401,0.1681197671059404,0.06942392909896603,0.058319039451114926,0.1594521887992174,0.4303808839381962,0.4513361926756846,0.30273965343648984,0.48026315789473684,0.48677248677248675,0.5681818181818182
UNSW-NB15,RANDOM_L2,2,10,0.599323034286499,56.566235065460205,37.19695865520089,0.6147670407617937,0.6471148794688847,0.6147670407617937,0.5976918529489628,0.4665963339501405,0.29686486486486485,0.2435806935498103,0.5928410822593886,0.1974353547349838,0.22462302751794402,0.08419497784342689,0.06174957118353345,0.10760577158229397,0.3150377290693496,0.39640382711976246,0.11504424778761062,0.6101258581235698,0.7116402116402116,0.5909090909090909,0.24279745420978477,0.4777888039603621,0.24279745420978477,0.27385025980549715,0.10441846079207895,0.7682162162162162,0.13286420188829084,0.525520021849984,0.11763357086744322,0.11542357572644502,0.028064992614475627,0.030874785591766724,0.05575935436537051,0.15855192238591448,0.15935334872979215,0.1302527687986858,0.14731121281464532,0.12962962962962962,0.11363636363636363
UNSW-NB15,FGSM,2,15,0.5445678234100342,185.90495681762695,17.77437691298644,0.6698489044356993,0.6683685322440356,0.6698489044356993,0.6463152714089628,0.5345776222685262,0.20651351351351352,0.2165578399364687,0.6059356497203291,0.21271209509578287,0.24490372683515335,0.08419497784342689,0.07204116638078903,0.10711665443873808,0.3183614804168164,0.4905971626525899,0.06178792856764347,0.397883295194508,0.5079365079365079,0.29545454545454547,0.49210513530583494,0.5436491816125573,0.49210513530583494,0.46178106002290487,0.292613939619856,0.22316216216216217,0.3374216888732022,0.5591307963686468,0.14195365080680997,0.1678986310374757,0.07533234859675036,0.03430531732418525,0.0677427243824896,0.1766079770032339,0.5079181788188717,0.49578718668856975,0.12643020594965676,0.25396825396825395,0.20454545454545456
UNSW-NB15,RANDOM_LINF,2,15,0.5445678234100342,137.68235778808594,21.791041150463975,0.6698489044356993,0.6683685322440356,0.6698489044356993,0.6463152714089628,0.5345776222685262,0.20651351351351352,0.2165578399364687,0.6059356497203291,0.21271209509578287,0.24490372683515335,0.08419497784342689,0.07204116638078903,0.10711665443873808,0.3183614804168164,0.4905971626525899,0.06178792856764347,0.397883295194508,0.5079365079365079,0.29545454545454547,0.4519384929310596,0.5630014534016783,0.4519384929310596,0.46212166926617304,0.25566545048489736,0.3182162162162162,0.3252889790876202,0.5559916719129863,0.14431610202511352,0.17393497960833823,0.06646971935007386,0.06518010291595197,0.16581071166544387,0.44969457420050307,0.4161992741669416,0.260982459859043,0.38729977116704806,0.4126984126984127,0.4772727272727273
UNSW-NB15,RANDOM_L2,2,15,0.5445678234100342,22.6186625957489,42.26910557255987,0.6698489044356993,0.6683685322440356,0.6698489044356993,0.6463152714089628,0.5345776222685262,0.20651351351351352,0.2165578399364687,0.6059356497203291,0.21271209509578287,0.24490372683515335,0.08419497784342689,0.07204116638078903,0.10711665443873808,0.3183614804168164,0.4905971626525899,0.06178792856764347,0.397883295194508,0.5079365079365079,0.29545454545454547,0.24715784871010057,0.49272198520537946,0.24715784871010057,0.2877463484068576,0.11346627483656463,0.746,0.13101120621194742,0.5259978413835027,0.11909954283191042,0.11905183212064838,0.026587887740029542,0.03773584905660377,0.06627537295182197,0.16951131872080488,0.17733421313097988,0.10873827566106725,0.15789473684210525,0.14285714285714285,0.18181818181818182
UNSW-NB15,FGSM,2,20,0.5207347869873047,75.9680905342102,25.128747024243303,0.7057523198756255,0.6964906964477829,0.7057523198756255,0.678595124659672,0.587843643702837,0.1825945945945946,0.1717771110915027,0.618039551718502,0.22840299463198693,0.2575485605777696,0.08419497784342689,0.07890222984562607,0.09684519442406456,0.22116421128278835,0.4937314417683933,0.013088866514758095,0.3973112128146453,0.5105820105820106,0.09090909090909091,0.45446484963319245,0.49280720896518954,0.45446484963319245,0.4676482520177026,0.26038857416152456,0.35264864864864864,0.23652166240183534,0.5550448452936186,0.13630408443001074,0.1733553833395598,0.07533234859675036,0.07375643224699828,0.12741501589630716,0.42202659001077975,0.48713295941933354,0.04615547665730486,0.40560640732265446,0.41005291005291006,0.2727272727272727
UNSW-NB15,RANDOM_LINF,2,20,0.5207347869873047,45.35209012031555,22.6546178885488,0.7057523198756255,0.6964906964477829,0.7057523198756255,0.678595124659672,0.587843643702837,0.1825945945945946,0.1717771110915027,0.618039551718502,0.22840299463198693,0.2575485605777696,0.08419497784342689,0.07890222984562607,0.09684519442406456,0.22116421128278835,0.4937314417683933,0.013088866514758095,0.3973112128146453,0.5105820105820106,0.09090909090909091,0.4792061409901375,0.5456253578491941,0.4792061409901375,0.49006009360554165,0.29689970934233395,0.28164864864864864,0.2863319509397335,0.5612618038154936,0.147721970515858,0.1770019040770366,0.08124076809453472,0.058319039451114926,0.17534849596478358,0.4632590729428674,0.3579676674364896,0.18796036246091888,0.32723112128146453,0.3544973544973545,0.5
UNSW-NB15,RANDOM_L2,2,20,0.5207347869873047,10.185206651687622,45.799931982704166,0.7057523198756255,0.6964906964477829,0.7057523198756255,0.678595124659672,0.587843643702837,0.1825945945945946,0.1717771110915027,0.618039551718502,0.22840299463198693,0.2575485605777696,0.08419497784342689,0.07890222984562607,0.09684519442406456,0.22116421128278835,0.4937314417683933,0.013088866514758095,0.3973112128146453,0.5105820105820106,0.09090909090909091,0.24775300004858378,0.44163894029411377,0.24775300004858378,0.29522144913583986,0.10486100209433885,0.7065675675675676,0.12379775875761052,0.524977483099029,0.11350422055785733,0.12101379589606372,0.033973412112259974,0.030874785591766724,0.06358522866226461,0.1765181458857348,0.14252721873968988,0.10418101849398548,0.13272311212814644,0.10846560846560846,0.25
UNSW-NB15,FGSM,4,5,1.2635984420776367,4.139536142349243,56.20293446047708,0.6918695039595782,0.6936103747591793,0.6918695039595782,0.6648509857195115,0.5672014021388978,0.1932972972972973,0.18099797052854497,0.6130597806982199,0.22064763953850744,0.2506983705481466,0.08419497784342689,0.07890222984562607,0.11420885302029836,0.2808120733021919,0.4394589244473771,0.01706321869535266,0.38215102974828374,0.4576719576719577,0.3181818181818182,0.12984015935480736,0.20367229146007468,0.12984015935480736,0.11672698854055634,-0.03812854294233667,0.8791891891891892,0.19319685873113915,0.4874533716900279,0.09840541955986012,0.048660590845809044,0.4933530280649926,0.44082332761578047,0.5226216678894595,0.2994071146245059,0.29445727482678985,0.012029039266599545,0.17877574370709381,0.0873015873015873,0.6136363636363636
UNSW-NB15,RANDOM_LINF,4,5,1.2635984420776367,6.860682487487793,55.411018801923916,0.6918695039595782,0.6936103747591793,0.6918695039595782,0.6648509857195115,0.5672014021388978,0.1932972972972973,0.18099797052854497,0.6130597806982199,0.22064763953850744,0.2506983705481466,0.08419497784342689,0.07890222984562607,0.11420885302029836,0.2808120733021919,0.4394589244473771,0.01706321869535266,0.38215102974828374,0.4576719576719577,0.3181818181818182,0.1377593159403391,0.47107193786871604,0.1377593159403391,0.11299488947124817,0.04570753316613564,0.9905675675675676,0.003044207182564193,0.5112656744404911,0.10624371385742466,0.07386587185563157,0.0,0.0,0.0004891171435558817,0.0008084800574919152,0.0008248102936324645,0.006252980764135446,0.0008581235697940503,0.0026455026455026454,0.0
UNSW-NB15,RANDOM_L2,4,5,1.2635984420776367,5.751069068908691,56.55759607443035,0.6918695039595782,0.6936103747591793,0.6918695039595782,0.6648509857195115,0.5672014021388978,0.1932972972972973,0.18099797052854497,0.6130597806982199,0.22064763953850744,0.2506983705481466,0.08419497784342689,0.07890222984562607,0.11420885302029836,0.2808120733021919,0.4394589244473771,0.01706321869535266,0.38215102974828374,0.4576719576719577,0.3181818181818182,0.12629354321527475,0.41082568678786513,0.12629354321527475,0.09443642603075725,0.030598627677284804,0.9991081081081081,0.0004411894467484338,0.507877772764006,0.10371619388610231,0.06714311822743631,0.0,0.0,0.0,8.983111749910169e-05,0.0001649620587264929,0.0009538445233426952,0.0,0.0,0.0
UNSW-NB15,FGSM,4,10,1.224499225616455,3.1003012657165527,59.702181411844734,0.6824199582179469,0.6686957661979409,0.6824199582179469,0.6553090721466244,0.5498750285215674,0.18708108108108107,0.21097679343510103,0.6073135683117628,0.21619531465063985,0.2461157522750518,0.08419497784342689,0.08404802744425385,0.14306676449009537,0.35411426518145883,0.49191685912240185,0.01822902866832706,0.40217391304347827,0.5158730158730159,0.09090909090909091,0.08539814409949958,0.17568445264096064,0.08539814409949958,0.08960103781011004,-0.06114622278181972,0.9221081081081081,0.1581664166593135,0.4780873809947618,0.09710101648443915,0.04514444422823712,0.397341211225997,0.33962264150943394,0.45096600635852285,0.25413223140495866,0.2000989772352359,0.009061522971755604,0.16990846681922198,0.082010582010582,0.4772727272727273
UNSW-NB15,RANDOM_LINF,4,10,1.224499225616455,4.000028371810913,54.89360151581403,0.6824199582179469,0.6686957661979409,0.6824199582179469,0.6553090721466244,0.5498750285215674,0.18708108108108107,0.21097679343510103,0.6073135683117628,0.21619531465063985,0.2461157522750518,0.08419497784342689,0.08404802744425385,0.14306676449009537,0.35411426518145883,0.49191685912240185,0.01822902866832706,0.40217391304347827,0.5158730158730159,0.09090909090909091,0.13348394305980663,0.4894937656909237,0.13348394305980663,0.11899101515368289,0.04043488435289653,0.9861081081081081,0.0024706609017912293,0.5126666974049775,0.10481198387529023,0.08134384045508689,0.0,0.0017152658662092624,0.0,0.002335609054976644,0.0026393929396238865,0.003338455831699433,0.0014302059496567505,0.0026455026455026454,0.0
UNSW-NB15,RANDOM_L2,4,10,1.224499225616455,3.6079695224761963,56.3499004032454,0.6824199582179469,0.6686957661979409,0.6824199582179469,0.6553090721466244,0.5498750285215674,0.18708108108108107,0.21097679343510103,0.6073135683117628,0.21619531465063985,0.2461157522750518,0.08419497784342689,0.08404802744425385,0.14306676449009537,0.35411426518145883,0.49191685912240185,0.01822902866832706,0.40217391304347827,0.5158730158730159,0.09090909090909091,0.11892095418549288,0.4273232064839459,0.11892095418549288,0.09701879478538056,0.023627676801754035,0.9984864864864865,0.0005073678637606988,0.5076465111739626,0.10250417874712954,0.07268520885705765,0.0,0.0,0.0,0.0004491555874955084,0.0003299241174529858,0.0007948704361189126,0.0,0.0026455026455026454,0.0
UNSW-NB15,FGSM,4,15,1.0393006801605225,2.0108699798583984,58.38920468347665,0.7047199144925423,0.6730342017256571,0.7047199144925423,0.6768731436966551,0.5825818842050171,0.1645135135135135,0.18757169328509662,0.6153890665387614,0.22509809398466998,0.25829974232886965,0.08419497784342689,0.0686106346483705,0.09073123012961604,0.2662594322673374,0.5235895743978884,0.015208521011075195,0.40131578947368424,0.5317460317460317,0.13636363636363635,0.12082786765777584,0.2034217713307014,0.12082786765777584,0.11655428693968274,-0.03703377741191657,0.8852702702702703,0.18148327891996824,0.4879171546591265,0.09805765122311436,0.055992900447409164,0.48005908419497784,0.3996569468267582,0.47053069210075815,0.29410707869205893,0.26839326954800397,0.011870065179375762,0.16189931350114417,0.0873015873015873,0.4772727272727273
UNSW-NB15,RANDOM_LINF,4,15,1.0393006801605225,2.971710205078125,57.1393868726619,0.7047199144925423,0.6730342017256571,0.7047199144925423,0.6768731436966551,0.5825818842050171,0.1645135135135135,0.18757169328509662,0.6153890665387614,0.22509809398466998,0.25829974232886965,0.08419497784342689,0.0686106346483705,0.09073123012961604,0.2662594322673374,0.5235895743978884,0.015208521011075195,0.40131578947368424,0.5317460317460317,0.13636363636363635,0.13332604576592333,0.40275842137866497,0.13332604576592333,0.12759636077541264,0.03959252956470931,0.9769189189189189,0.011912115062207712,0.5112148517579893,0.10517060985362663,0.08320951658398687,0.004431314623338257,0.003430531732418525,0.003912937148447053,0.010869565217391304,0.010557571758495546,0.016374330984049598,0.006864988558352402,0.0026455026455026454,0.0
UNSW-NB15,RANDOM_L2,4,15,1.0393006801605225,2.8086578845977783,58.624836029733274,0.7047199144925423,0.6730342017256571,0.7047199144925423,0.6768731436966551,0.5825818842050171,0.1645135135135135,0.18757169328509662,0.6153890665387614,0.22509809398466998,0.25829974232886965,0.08419497784342689,0.0686106346483705,0.09073123012961604,0.2662594322673374,0.5235895743978884,0.015208521011075195,0.40131578947368424,0.5317460317460317,0.13636363636363635,0.11847155419520963,0.352119131850875,0.11847155419520963,0.10259228410514858,0.026641638468431265,0.9947837837837837,0.004014823965410748,0.5105731816305104,0.10346450408781763,0.07713301713122744,0.0014771048744460858,0.0,0.0004891171435558817,0.004940711462450593,0.0031342791158033654,0.005193153515976896,0.002002288329519451,0.0,0.0
UNSW-NB15,FGSM,4,20,1.0240614414215088,1.8198835849761963,62.54311810717583,0.7015984064519264,0.676884494505913,0.7015984064519264,0.675418197608797,0.5799505343879072,0.1794054054054054,0.18386570193240978,0.6163795813572432,0.22548447070110558,0.2593447594804433,0.08567208271787297,0.07375643224699828,0.09660063585228662,0.2510779734099892,0.5275486638073243,0.01383074558846908,0.3967391304347826,0.5132275132275133,0.09090909090909091,0.0761672253801681,0.15639628193625416,0.0761672253801681,0.08726117077939234,-0.08410138926279277,0.8987027027027027,0.18891732109767934,0.476454926250473,0.09720980460905948,0.04201654503530501,0.5066469719350074,0.4562607204116638,0.5074590364392272,0.29689184333453106,0.2810953480699439,0.011552117004928197,0.1719107551487414,0.082010582010582,0.4772727272727273
UNSW-NB15,RANDOM_LINF,4,20,1.0240614414215088,2.8499512672424316,54.002089102657536,0.7015984064519264,0.676884494505913,0.7015984064519264,0.675418197608797,0.5799505343879072,0.1794054054054054,0.18386570193240978,0.6163795813572432,0.22548447070110558,0.2593447594804433,0.08567208271787297,0.07375643224699828,0.09660063585228662,0.2510779734099892,0.5275486638073243,0.01383074558846908,0.3967391304347826,0.5132275132275133,0.09090909090909091,0.161577515425351,0.46764051875624063,0.161577515425351,0.1631652669832902,0.07563156592316267,0.9675945945945946,0.011559163504808964,0.5198558690817634,0.11150605876986533,0.09790021994275577,0.0029542097488921715,0.0017152658662092624,0.003912937148447053,0.011498383039885016,0.008907951171230617,0.0157914259975624,0.005720823798627002,0.010582010582010581,0.022727272727272728
UNSW-NB15,RANDOM_L2,4,20,1.0240614414215088,2.542097330093384,56.46042850896371,0.7015984064519264,0.676884494505913,0.7015984064519264,0.675418197608797,0.5799505343879072,0.1794054054054054,0.18386570193240978,0.6163795813572432,0.22548447070110558,0.2593447594804433,0.08567208271787297,0.07375643224699828,0.09660063585228662,0.2510779734099892,0.5275486638073243,0.01383074558846908,0.3967391304347826,0.5132275132275133,0.09090909090909091,0.13699412136228928,0.4076502933119271,0.13699412136228928,0.12983206803046116,0.049419699413882,0.9871081081081081,0.0067943174799258805,0.5140550798546059,0.10674164195579586,0.08617721414118165,0.0,0.0,0.00293470286133529,0.006198347107438017,0.00511382382052128,0.009750410683058661,0.003146453089244851,0.0026455026455026454,0.0
UNSW-NB15,FGSM,8,5,2.2610585689544678,8.46276044845581,51.053053490744794,0.6434679104115046,0.641160018539312,0.6434679104115046,0.619284799211264,0.49520844156777133,0.1901891891891892,0.26691961528280245,0.5988528459381821,0.19927316390110614,0.2360386289702882,0.0620384047267356,0.0686106346483705,0.08290535583272193,0.21415738411785842,0.4901022764764104,0.2572200731280801,0.369279176201373,0.4603174603174603,0.11363636363636363,0.13293737550405674,0.2872099858803738,0.13293737550405674,0.10969506748497863,-0.026424534930414734,0.900972972972973,0.17332127415512222,0.4889734273214411,0.10040986493556543,0.04924801281067566,0.4076809453471196,0.3516295025728988,0.4937637564196625,0.27497305066475025,0.23424612339161993,0.011340151555296487,0.17419908466819223,0.08465608465608465,0.4772727272727273
UNSW-NB15,RANDOM_LINF,8,5,2.2610585689544678,8.64627981185913,53.16523344507603,0.6434679104115046,0.641160018539312,0.6434679104115046,0.619284799211264,0.49520844156777133,0.1901891891891892,0.26691961528280245,0.5988528459381821,0.19927316390110614,0.2360386289702882,0.0620384047267356,0.0686106346483705,0.08290535583272193,0.21415738411785842,0.4901022764764104,0.2572200731280801,0.369279176201373,0.4603174603174603,0.11363636363636363,0.1118155759607443,0.17094554002919674,0.1118155759607443,0.08405277471589663,0.025673643627095157,1.0,0.0,0.5070425796135749,0.10478462382971687,0.06300998922280426,0.0,0.0,0.0,0.0,0.0,0.0,0.0,0.0,0.0
UNSW-NB15,RANDOM_L2,8,5,2.2610585689544678,8.486352920532227,52.564009133751156,0.6434679104115046,0.641160018539312,0.6434679104115046,0.619284799211264,0.49520844156777133,0.1901891891891892,0.26691961528280245,0.5988528459381821,0.19927316390110614,0.2360386289702882,0.0620384047267356,0.0686106346483705,0.08290535583272193,0.21415738411785842,0.4901022764764104,0.2572200731280801,0.369279176201373,0.4603174603174603,0.11363636363636363,0.1178278190739931,0.156355585186711,0.1178278190739931,0.08517590165430487,0.02669889092332675,1.0,0.0,0.5073642985238791,0.1041498742944045,0.0637998655857529,0.0,0.0,0.0,0.0,0.0,0.0,0.0,0.0,0.0
UNSW-NB15,FGSM,8,10,2.2430362701416016,6.2724010944366455,55.38794150512558,0.6854200068017295,0.6787315326420371,0.6854200068017295,0.6694009985835958,0.5619865352288022,0.2084054054054054,0.1711815053383923,0.6164199342504201,0.22352507977944064,0.26425387143200335,0.07385524372230429,0.07890222984562607,0.0929322572756175,0.21730147323032697,0.48201913559881227,0.01552646918552276,0.4127574370709382,0.5079365079365079,0.3409090909090909,0.1315405917504737,0.3086301940822872,0.1315405917504737,0.14037883559428851,-0.01592115276743255,0.8861081081081081,0.18212300361775347,0.48892058482500217,0.10217565942345375,0.0684641609159377,0.4460856720827179,0.40308747855917665,0.4900953778429934,0.2864714337046353,0.27614648630814914,0.011022203380848921,0.16876430205949658,0.08994708994708994,0.45454545454545453
UNSW-NB15,RANDOM_LINF,8,10,2.2430362701416016,6.892300605773926,53.89399018607588,0.6854200068017295,0.6787315326420371,0.6854200068017295,0.6694009985835958,0.5619865352288022,0.2084054054054054,0.1711815053383923,0.6164199342504201,0.22352507977944064,0.26425387143200335,0.07385524372230429,0.07890222984562607,0.0929322572756175,0.21730147323032697,0.48201913559881227,0.01552646918552276,0.4127574370709382,0.5079365079365079,0.3409090909090909,0.1464801049409707,0.14013365845730064,0.1464801049409707,0.10798330858217942,0.04070453552268831,1.0,0.0,0.5082584445545073,0.10554778749657807,0.07258508686665026,0.0,0.0,0.0,0.0,0.0,0.0,0.0,0.0,0.0
UNSW-NB15,RANDOM_L2,8,10,2.2430362701416016,7.26704216003418,54.037312345139185,0.6854200068017295,0.6787315326420371,0.6854200068017295,0.6694009985835958,0.5619865352288022,0.2084054054054054,0.1711815053383923,0.6164199342504201,0.22352507977944064,0.26425387143200335,0.07385524372230429,0.07890222984562607,0.0929322572756175,0.21730147323032697,0.48201913559881227,0.01552646918552276,0.4127574370709382,0.5079365079365079,0.3409090909090909,0.14504688335033766,0.36315915658469444,0.14504688335033766,0.10664888987678436,0.040509302269599576,0.9999729729729729,2.2059472337421688e-05,0.5088479298175013,0.10531731088233778,0.07282922368286206,0.0,0.0,0.0,0.0,0.0,5.299136240792751e-05,0.0,0.0,0.0
UNSW-NB15,FGSM,8,15,2.36100172996521,3.8707048892974854,59.8370014089297,0.694869552543361,0.6981591617967364,0.694869552543361,0.6856158003547318,0.5812534635194766,0.22986486486486488,0.14323215388687902,0.6304953215666911,0.23530253043734944,0.2948096152696317,0.07680945347119646,0.05317324185248713,0.07263389581804842,0.218199784405318,0.38485648300890796,0.011870065179375762,0.28175057208237986,0.36243386243386244,0.11363636363636363,0.09649953845406403,0.16205292361827608,0.09649953845406403,0.09736073864038704,-0.05484496437243989,0.9148918918918919,0.16888732021530045,0.4888728287346905,0.09896411717160483,0.05569216548308391,0.4254062038404727,0.37564322469982847,0.4614820249449743,0.2690441969098096,0.2372154404486968,0.010280324307137937,0.16647597254004576,0.08465608465608465,0.4772727272727273
UNSW-NB15,RANDOM_LINF,8,15,2.36100172996521,5.0982160568237305,59.74955060000971,0.694869552543361,0.6981591617967364,0.694869552543361,0.6856158003547318,0.5812534635194766,0.22986486486486488,0.14323215388687902,0.6304953215666911,0.23530253043734944,0.2948096152696317,0.07680945347119646,0.05317324185248713,0.07263389581804842,0.218199784405318,0.38485648300890796,0.011870065179375762,0.28175057208237986,0.36243386243386244,0.11363636363636363,0.09737404654326386,0.49808496839386385,0.09737404654326386,0.06990835017545473,0.007457020205864316,0.9998378378378379,2.2059472337421688e-05,0.5013852511740959,0.10101098307411491,0.059485442525245125,0.0,0.0,0.0,0.0,0.0,5.299136240792751e-05,0.0,0.0,0.0
UNSW-NB15,RANDOM_L2,8,15,2.36100172996521,4.876162528991699,59.87586843511637,0.694869552543361,0.6981591617967364,0.694869552543361,0.6856158003547318,0.5812534635194766,0.22986486486486488,0.14323215388687902,0.6304953215666911,0.23530253043734944,0.2948096152696317,0.07680945347119646,0.05317324185248713,0.07263389581804842,0.218199784405318,0.38485648300890796,0.011870065179375762,0.28175057208237986,0.36243386243386244,0.11363636363636363,0.09611086819219744,0.4378811638554653,0.09611086819219744,0.06631479284595415,0.0037660705114545647,0.9999189189189189,2.2059472337421688e-05,0.5025067977329354,0.10054870278586918,0.060267260543989086,0.0,0.0,0.0,8.983111749910169e-05,0.0,0.0,0.0,0.0,0.0
UNSW-NB15,FGSM,8,20,2.1367220878601074,3.2121355533599854,53.33527668464267,0.6881771364718458,0.6807491590154258,0.6881771364718458,0.6737437124374449,0.568730518164126,0.22078378378378377,0.1549016147533751,0.6194901097039697,0.22611839942980536,0.265479772129054,0.08567208271787297,0.06174957118353345,0.0838835901198337,0.24281351060007186,0.3954140547674035,0.01404271103810079,0.30749427917620137,0.37566137566137564,0.06818181818181818,0.15482436962541904,0.4205786703161573,0.15482436962541904,0.19106681107635695,0.052389588510640114,0.8922432432432432,0.10747374922791847,0.4996321427510494,0.11320060084858855,0.0915094624133799,0.16838995568685378,0.15437392795883362,0.21374419173392029,0.1797520661157025,0.18640712636093698,0.006094006676911664,0.1398741418764302,0.0873015873015873,0.5909090909090909
UNSW-NB15,RANDOM_LINF,8,20,2.1367220878601074,4.187164068222046,55.00777340523734,0.6881771364718458,0.6807491590154258,0.6881771364718458,0.6737437124374449,0.568730518164126,0.22078378378378377,0.1549016147533751,0.6194901097039697,0.22611839942980536,0.265479772129054,0.08567208271787297,0.06174957118353345,0.0838835901198337,0.24281351060007186,0.3954140547674035,0.01404271103810079,0.30749427917620137,0.37566137566137564,0.06818181818181818,0.13809940241947238,0.45253187123928185,0.13809940241947238,0.11981696200515447,0.05010542264978822,0.9958648648648649,0.0016544604253066267,0.5173281399115682,0.10761088290778435,0.08783637532389385,0.0,0.0,0.0009782342871117633,0.0025152712899748474,0.0004948861761794787,0.0020666631339091726,0.0002860411899313501,0.0,0.0
UNSW-NB15,RANDOM_L2,8,20,2.1367220878601074,4.124241590499878,55.84341446825051,0.6881771364718458,0.6807491590154258,0.6881771364718458,0.6737437124374449,0.568730518164126,0.22078378378378377,0.1549016147533751,0.6194901097039697,0.22611839942980536,0.265479772129054,0.08567208271787297,0.06174957118353345,0.0838835901198337,0.24281351060007186,0.3954140547674035,0.01404271103810079,0.30749427917620137,0.37566137566137564,0.06818181818181818,0.1297429917893407,0.4061308822840361,0.1297429917893407,0.10840823469006398,0.03706947915655993,0.9952972972972973,0.0023603635401041206,0.5126141164255982,0.10462918939961101,0.08015512032396185,0.0,0.0017152658662092624,0.0007336757153338225,0.0036830758174631693,0.0009897723523589574,0.0027555508452122303,0.0008581235697940503,0.0,0.022727272727272728
UNSW-NB15,FGSM,10,5,2.8164682388305664,10.761975765228271,61.351600835641065,0.7112179954331245,0.6858118934795231,0.7112179954331245,0.6837356356914084,0.5968461207658311,0.17156756756756758,0.1595782228889085,0.6198865948260769,0.22849203259935275,0.2641533431774176,0.0827178729689808,0.06689536878216124,0.08461726583516753,0.18693855551563063,0.47822500824810293,0.01383074558846908,0.3898741418764302,0.48148148148148145,0.1590909090909091,0.09770198707671379,0.1713833640370727,0.09770198707671379,0.09379582631593289,-0.07577054487421017,0.8997027027027027,0.17232859789993824,0.4772426038249954,0.09706995576413725,0.04016752584014425,0.4150664697193501,0.3670668953687822,0.4744436292492052,0.2715594681997844,0.24727812603101287,0.010863229293625138,0.17105263157894737,0.082010582010582,0.4772727272727273
UNSW-NB15,RANDOM_LINF,10,5,2.8164682388305664,10.674406051635742,60.04955545838799,0.7112179954331245,0.6858118934795231,0.7112179954331245,0.6837356356914084,0.5968461207658311,0.17156756756756758,0.1595782228889085,0.6198865948260769,0.22849203259935275,0.2641533431774176,0.0827178729689808,0.06689536878216124,0.08461726583516753,0.18693855551563063,0.47822500824810293,0.01383074558846908,0.3898741418764302,0.48148148148148145,0.1590909090909091,0.11072244084924453,0.16223598327912,0.11072244084924453,0.07229597030140729,0.008088421496768104,1.0,0.0,0.5020334002071996,0.10273627022011138,0.05365102043558266,0.0,0.0,0.0,0.0,0.0,0.0,0.0,0.0,0.0
UNSW-NB15,RANDOM_L2,10,5,2.8164682388305664,10.669703960418701,60.11149978137298,0.7112179954331245,0.6858118934795231,0.7112179954331245,0.6837356356914084,0.5968461207658311,0.17156756756756758,0.1595782228889085,0.6198865948260769,0.22849203259935275,0.2641533431774176,0.0827178729689808,0.06689536878216124,0.08461726583516753,0.18693855551563063,0.47822500824810293,0.01383074558846908,0.3898741418764302,0.48148148148148145,0.1590909090909091,0.11010299761939464,0.14452902096762577,0.11010299761939464,0.06865995969031653,0.004886035870624231,1.0,0.0,0.5006276362209443,0.10162923695301249,0.053035951712260096,0.0,0.0,0.0,0.0,0.0,0.0,0.0,0.0,0.0
UNSW-NB15,FGSM,10,10,2.84641695022583,6.567542552947998,57.56328037701015,0.6763591313219647,0.6899442486378626,0.6763591313219647,0.6679146825068921,0.5632547005620119,0.2656756756756757,0.12324627194917498,0.6205903491290403,0.22677381566242616,0.2627564387818621,0.08124076809453472,0.044596912521440824,0.07679139153827341,0.20472511678045274,0.3076542395249093,0.013936728313284935,0.19708237986270022,0.24338624338624337,0.09090909090909091,0.10072632755186318,0.21377664656870535,0.10072632755186318,0.10267753443320922,-0.036349050887654756,0.922918918918919,0.16182828906732552,0.484298367728082,0.09924593389091599,0.053924302796437965,0.38552437223042835,0.3293310463121784,0.4715089263878699,0.26500179662234996,0.19102606400527877,0.010333315669545864,0.17105263157894737,0.082010582010582,0.5227272727272727
UNSW-NB15,RANDOM_LINF,10,10,2.84641695022583,7.619858026504517,53.88548802409755,0.6763591313219647,0.6899442486378626,0.6763591313219647,0.6679146825068921,0.5632547005620119,0.2656756756756757,0.12324627194917498,0.6205903491290403,0.22677381566242616,0.2627564387818621,0.08124076809453472,0.044596912521440824,0.07679139153827341,0.20472511678045274,0.3076542395249093,0.013936728313284935,0.19708237986270022,0.24338624338624337,0.09090909090909091,0.13750425108098915,0.10464549043780566,0.13750425108098915,0.09581004934792971,0.031097261847381895,1.0,0.0,0.5107883193479573,0.10284236575160095,0.06984535773183827,0.0,0.0,0.0,0.0,0.0,0.0,0.0,0.0,0.0
UNSW-NB15,RANDOM_L2,10,10,2.84641695022583,8.065415620803833,55.03813826944566,0.6763591313219647,0.6899442486378626,0.6763591313219647,0.6679146825068921,0.5632547005620119,0.2656756756756757,0.12324627194917498,0.6205903491290403,0.22677381566242616,0.2627564387818621,0.08124076809453472,0.044596912521440824,0.07679139153827341,0.20472511678045274,0.3076542395249093,0.013936728313284935,0.19708237986270022,0.24338624338624337,0.09090909090909091,0.12597774862750813,0.09724947439580983,0.12597774862750813,0.08380552725369646,0.01790756530373618,1.0,0.0,0.5071535399438996,0.1015195649963981,0.06674807530267197,0.0,0.0,0.0,0.0,0.0,0.0,0.0,0.0,0.0
UNSW-NB15,FGSM,10,15,2.9262521266937256,5.272760629653931,57.4952630811835,0.6967035903415439,0.6823172561962086,0.6967035903415439,0.6830110241972656,0.5744637175625121,0.19213513513513514,0.17363010676784613,0.6219238896923223,0.22863343932856287,0.27929998485944624,0.08567208271787297,0.0548885077186964,0.09929078014184398,0.24182536830758175,0.47344110854503463,0.012611944253086748,0.39273455377574373,0.5185185185185185,0.13636363636363635,0.12175095952970898,0.2549592765409756,0.12175095952970898,0.1340737814596398,-0.01414451468440266,0.9133783783783784,0.1235771640342363,0.4976640554780113,0.10034006763359753,0.07336199357304554,0.2614475627769572,0.2281303602058319,0.3008070432868672,0.1966403162055336,0.18954140547674034,0.00890254888453182,0.1438787185354691,0.08465608465608465,0.4772727272727273
UNSW-NB15,RANDOM_LINF,10,15,2.9262521266937256,6.267358303070068,56.40334256425204,0.6967035903415439,0.6823172561962086,0.6967035903415439,0.6830110241972656,0.5744637175625121,0.19213513513513514,0.17363010676784613,0.6219238896923223,0.22863343932856287,0.27929998485944624,0.08567208271787297,0.0548885077186964,0.09929078014184398,0.24182536830758175,0.47344110854503463,0.012611944253086748,0.39273455377574373,0.5185185185185185,0.13636363636363635,0.13267016469902346,0.6053531750935308,0.13267016469902346,0.09986931434300363,0.037702540516955055,0.9997297297297297,0.0,0.510754591892554,0.10554543352790029,0.0747998350908621,0.0,0.0,0.0,0.0,0.0,0.0,0.0,0.0,0.0
UNSW-NB15,RANDOM_L2,10,15,2.9262521266937256,6.504170179367065,56.16163824515377,0.6967035903415439,0.6823172561962086,0.6967035903415439,0.6830110241972656,0.5744637175625121,0.19213513513513514,0.17363010676784613,0.6219238896923223,0.22863343932856287,0.27929998485944624,0.08567208271787297,0.0548885077186964,0.09929078014184398,0.24182536830758175,0.47344110854503463,0.012611944253086748,0.39273455377574373,0.5185185185185185,0.13636363636363635,0.1350872078900063,0.5948251517231299,0.1350872078900063,0.1054546470085492,0.0395017833488724,0.9998108108108108,0.0,0.511017025314488,0.10556511023718525,0.07716362471102259,0.0,0.0,0.0,0.0,0.0,0.0,0.0,0.0,0.0
UNSW-NB15,FGSM,10,20,2.795571804046631,3.8876469135284424,59.53578195598309,0.7086552008939416,0.7085551264961159,0.7086552008939416,0.701556366465509,0.5990246738211177,0.21786486486486487,0.1355775169857937,0.6378142562914315,0.24482907083196256,0.3091628015841591,0.08419497784342689,0.060034305317324184,0.07116654438738078,0.14292130794107077,0.44061365885846254,0.009803402045466588,0.3220823798627002,0.4894179894179894,0.11363636363636363,0.11329738133411067,0.23639026492755982,0.11329738133411067,0.13173834530768108,-0.03330628109128836,0.8722162162162163,0.1945866054883967,0.47902957040172156,0.09885295884782677,0.055039850480593636,0.4933530280649926,0.45969125214408235,0.512350207874786,0.31333093783686666,0.2860442098317387,0.009697419320650734,0.18707093821510298,0.09523809523809523,0.6590909090909091
UNSW-NB15,RANDOM_LINF,10,20,2.795571804046631,5.068666934967041,59.73011708691639,0.7086552008939416,0.7085551264961159,0.7086552008939416,0.701556366465509,0.5990246738211177,0.21786486486486487,0.1355775169857937,0.6378142562914315,0.24482907083196256,0.3091628015841591,0.08419497784342689,0.060034305317324184,0.07116654438738078,0.14292130794107077,0.44061365885846254,0.009803402045466588,0.3220823798627002,0.4894179894179894,0.11363636363636363,0.11135403002477773,0.4436261418753261,0.11135403002477773,0.06909754246234087,0.007594501907281819,0.9981351351351352,0.0003970705020735904,0.5030953653706508,0.10062635682982175,0.05899495478660024,0.0,0.0,0.0004891171435558817,0.001167804527488322,0.0001649620587264929,0.0,0.0005720823798627002,0.0,0.0
UNSW-NB15,RANDOM_L2,10,20,2.795571804046631,4.901879072189331,60.013117621338,0.7086552008939416,0.7085551264961159,0.7086552008939416,0.701556366465509,0.5990246738211177,0.21786486486486487,0.1355775169857937,0.6378142562914315,0.24482907083196256,0.3091628015841591,0.08419497784342689,0.060034305317324184,0.07116654438738078,0.14292130794107077,0.44061365885846254,0.009803402045466588,0.3220823798627002,0.4894179894179894,0.11363636363636363,0.10852402468056163,0.41495364542681995,0.10852402468056163,0.07044398484002123,0.008624756806654308,0.9977837837837837,0.0006838436424600724,0.5053448073697684,0.10074254282927124,0.061651020501389396,0.0,0.0,0.001222792858889704,0.0016169601149838304,0.0008248102936324645,5.299136240792751e-05,0.0005720823798627002,0.0,0.0
UNSW-NB15,FGSM,16,5,34.45653069997206,4.06317099975422,53.76402856726424,0.6932784336588447,0.7054109232817454,0.6932784336588447,0.6783498816992158,0.5852253172042133,0.23459459459459459,0.11556957557575223,0.6217708329811448,0.2299368785058001,0.2640116778534944,0.06351550960118169,0.036020583190394515,0.06040596722915138,0.12567373338124327,0.3723193665456945,0.010492289756769647,0.26773455377574373,0.3544973544973545,0.09090909090909091,0.1556381479862022,0.3177393087274025,0.1556381479862022,0.17434277974231238,-0.021313245124731615,0.8886756756756756,0.26857407570810904,0.4881679899912167,0.10929385396200242,0.07320859097924906,0.9409158050221565,0.902229845626072,0.7529958425042798,0.39920948616600793,0.45001649620587264,0.006729903025806793,0.17162471395881007,0.08465608465608465,0.045454545454545456
UNSW-NB15,RANDOM_LINF,16,5,34.45653069997206,4.095865399809554,55.82519554972551,0.6932784336588447,0.7054109232817454,0.6932784336588447,0.6783498816992158,0.5852253172042133,0.23459459459459459,0.11556957557575223,0.6217708329811448,0.2299368785058001,0.2640116778534944,0.06351550960118169,0.036020583190394515,0.06040596722915138,0.12567373338124327,0.3723193665456945,0.010492289756769647,0.26773455377574373,0.3544973544973545,0.09090909090909091,0.13502647816158966,0.1526117447370942,0.13502647816158966,0.06788644229250927,0.02577850073640077,1.0,0.0,0.5057474417471658,0.1025744448648734,0.050298628757083685,0.0,0.0,0.0,0.0,0.0,0.0,0.0,0.0,0.0
UNSW-NB15,RANDOM_L2,16,5,34.45653069997206,4.13501390023157,56.01953068065879,0.6932784336588447,0.7054109232817454,0.6932784336588447,0.6783498816992158,0.5852253172042133,0.23459459459459459,0.11556957557575223,0.6217708329811448,0.2299368785058001,0.2640116778534944,0.06351550960118169,0.036020583190394515,0.06040596722915138,0.12567373338124327,0.3723193665456945,0.010492289756769647,0.26773455377574373,0.3544973544973545,0.09090909090909091,0.1330831268522567,0.14309626522732471,0.1330831268522567,0.0689044237321317,0.022147168831184012,1.0,0.0,0.5046751301500719,0.10220537861291012,0.05127821273191312,0.0,0.0,0.0,0.0,0.0,0.0,0.0,0.0,0.0
UNSW-NB15,FGSM,16,10,32.86319800000638,2.5710613999981433,59.521206821163084,0.7122504008162075,0.7217038171015029,0.7122504008162075,0.7045719146102638,0.6067517068950735,0.2211891891891892,0.12075355157504633,0.6379369401874067,0.246488594037156,0.3080873899309502,0.022156573116691284,0.0548885077186964,0.05380288579114698,0.10213798059647862,0.4163642362256681,0.012611944253086748,0.3246567505720824,0.4417989417989418,0.13636363636363635,0.11703833260457659,0.19760409973075446,0.11703833260457659,0.13267396228604164,-0.05269267272378894,0.8895405405405405,0.27497132268596136,0.4781935737943984,0.1018501666812365,0.057993319393409105,0.9335302806499262,0.8936535162950258,0.760332599657618,0.4216672655407833,0.4419333553282745,0.007948704361189126,0.18278032036613273,0.0873015873015873,0.18181818181818182
UNSW-NB15,RANDOM_LINF,16,10,32.86319800000638,3.049885399872437,58.838604673759896,0.7122504008162075,0.7217038171015029,0.7122504008162075,0.7045719146102638,0.6067517068950735,0.2211891891891892,0.12075355157504633,0.6379369401874067,0.246488594037156,0.3080873899309502,0.022156573116691284,0.0548885077186964,0.05380288579114698,0.10213798059647862,0.4163642362256681,0.012611944253086748,0.3246567505720824,0.4417989417989418,0.13636363636363635,0.12386435407860856,0.16076687518323063,0.12386435407860856,0.0843885613842987,0.024154933738235178,1.0,0.0,0.5032888037566483,0.10413435469720085,0.059488278436331796,0.0,0.0,0.0,0.0,0.0,0.0,0.0,0.0,0.0
UNSW-NB15,RANDOM_L2,16,10,32.86319800000638,3.0456146004144102,58.98435602195986,0.7122504008162075,0.7217038171015029,0.7122504008162075,0.7045719146102638,0.6067517068950735,0.2211891891891892,0.12075355157504633,0.6379369401874067,0.246488594037156,0.3080873899309502,0.022156573116691284,0.0548885077186964,0.05380288579114698,0.10213798059647862,0.4163642362256681,0.012611944253086748,0.3246567505720824,0.4417989417989418,0.13636363636363635,0.12240684059660885,0.14995433232738412,0.12240684059660885,0.07991907947533403,0.021341081560377693,1.0,0.0,0.5035656562810559,0.10319636408981554,0.05893718340720307,0.0,0.0,0.0,0.0,0.0,0.0,0.0,0.0,0.0
UNSW-NB15,FGSM,16,15,32.630205899942666,1.7503214997705072,58.86532575426322,0.7031045037166593,0.6977040670183942,0.7031045037166593,0.6923297591839737,0.5843258829936473,0.1954054054054054,0.16992411541515928,0.6288666654144144,0.23641286017159396,0.2969341306002392,0.08124076809453472,0.04974271012006861,0.1012472487160675,0.2562881782249371,0.4439129000329924,0.014148693762916645,0.3504004576659039,0.4365079365079365,0.09090909090909091,0.1144512461740271,0.13491088399010495,0.1144512461740271,0.09330149802807891,-0.09153463915795071,0.9011351351351351,0.25119121150622076,0.47801692163950127,0.09661089735330151,0.03916485735658217,0.9158050221565731,0.8850771869639794,0.6935681095622401,0.37360761767876394,0.41059056417024087,0.0049811880663451855,0.18278032036613273,0.0873015873015873,0.022727272727272728
UNSW-NB15,RANDOM_LINF,16,15,32.630205899942666,2.225612699985504,53.17616479619103,0.7031045037166593,0.6977040670183942,0.7031045037166593,0.6923297591839737,0.5843258829936473,0.1954054054054054,0.16992411541515928,0.6288666654144144,0.23641286017159396,0.2969341306002392,0.08124076809453472,0.04974271012006861,0.1012472487160675,0.2562881782249371,0.4439129000329924,0.014148693762916645,0.3504004576659039,0.4365079365079365,0.09090909090909091,0.17134285575474906,0.15663546098941603,0.17134285575474906,0.13720812309931396,0.07581994395850283,1.0,0.0,0.5191750670866239,0.11143654381296567,0.0900297951049381,0.0,0.0,0.0,0.0,0.0,0.0,0.0,0.0,0.0
UNSW-NB15,RANDOM_L2,16,15,32.630205899942666,2.2267026999033988,54.37011125686245,0.7031045037166593,0.6977040670183942,0.7031045037166593,0.6923297591839737,0.5843258829936473,0.1954054054054054,0.16992411541515928,0.6288666654144144,0.23641286017159396,0.2969341306002392,0.08124076809453472,0.04974271012006861,0.1012472487160675,0.2562881782249371,0.4439129000329924,0.014148693762916645,0.3504004576659039,0.4365079365079365,0.09090909090909091,0.15940339114803478,0.37598142134181245,0.15940339114803478,0.12630067224711278,0.06336141066772939,0.9999729729729729,2.2059472337421688e-05,0.5165967476615165,0.10899145661916831,0.08552569353328453,0.0,0.0,0.0,0.0,0.0,5.299136240792751e-05,0.0,0.0,0.0
UNSW-NB15,FGSM,16,20,31.972571100108325,1.892049100017175,54.73206043822573,0.7117281251518244,0.7255044064554365,0.7117281251518244,0.7122320454977235,0.6050929410926328,0.2229189189189189,0.12265066619606459,0.6448037752265597,0.2518326167270001,0.3242286073891652,0.07090103397341212,0.048027444253859346,0.06040596722915138,0.13393819619116062,0.39871329594193333,0.006782894388214721,0.29891304347826086,0.4074074074074074,0.045454545454545456,0.1644075207695671,0.2516997958247666,0.1644075207695671,0.19386132426105818,-0.005606545838329082,0.8882162162162163,0.2725006617841701,0.4896461140601939,0.10749877292511108,0.08755670456060488,0.9379615952732644,0.8867924528301887,0.7476155539251651,0.42373338124326265,0.4371494556252062,0.007630756186741561,0.16618993135011442,0.09523809523809523,0.36363636363636365
UNSW-NB15,RANDOM_LINF,16,20,31.972571100108325,2.436309200245887,58.74751008113493,0.7117281251518244,0.7255044064554365,0.7117281251518244,0.7122320454977235,0.6050929410926328,0.2229189189189189,0.12265066619606459,0.6448037752265597,0.2518326167270001,0.3242286073891652,0.07090103397341212,0.048027444253859346,0.06040596722915138,0.13393819619116062,0.39871329594193333,0.006782894388214721,0.29891304347826086,0.4074074074074074,0.045454545454545456,0.12425302434047515,0.4759683754454019,0.12425302434047515,0.09172015011501883,0.024636717436009575,0.9991621621621621,0.00013235683402453013,0.5087682175819509,0.10225141521266834,0.07017629203541864,0.0,0.0,0.0,0.0004491555874955084,0.0,0.0,0.0002860411899313501,0.0,0.0
UNSW-NB15,RANDOM_L2,16,20,31.972571100108325,2.40017359983176,59.68031870961473,0.7117281251518244,0.7255044064554365,0.7117281251518244,0.7122320454977235,0.6050929410926328,0.2229189189189189,0.12265066619606459,0.6448037752265597,0.2518326167270001,0.3242286073891652,0.07090103397341212,0.048027444253859346,0.06040596722915138,0.13393819619116062,0.39871329594193333,0.006782894388214721,0.29891304347826086,0.4074074074074074,0.045454545454545456,0.11492493805567701,0.41155493311749947,0.11492493805567701,0.08507364453010924,0.015280775712695017,0.9986216216216216,0.00046324891908585547,0.5052760642541255,0.10131563481093822,0.06650964964524231,0.0,0.0,0.00024455857177794083,0.0012576356449874237,0.0004948861761794787,0.00015897408722378252,0.0,0.0,0.0
UNSW-NB15,FGSM,32,5,142.5825257000979,12.134032600093633,60.602195986979545,0.709991254919108,0.7013094345786508,0.709991254919108,0.6945321740585119,0.5927518585413509,0.1821891891891892,0.17596841083561282,0.630518377113358,0.2413001520503634,0.30272453110330816,0.07976366322008863,0.058319039451114926,0.11836634874052336,0.23697448796263026,0.4623886506103596,0.018599968205182556,0.3898741418764302,0.6402116402116402,0.18181818181818182,0.10396929504931254,0.13465696539614525,0.10396929504931254,0.08846323301335944,-0.13743282920188865,0.8887297297297297,0.26460337068737316,0.47080950502822694,0.0954723879315363,0.03086506513915587,0.9364844903988183,0.8970840480274442,0.7419907067742725,0.39031620553359686,0.4444077862091719,0.006411954851359229,0.17419908466819223,0.08465608465608465,0.06818181818181818
UNSW-NB15,RANDOM_LINF,32,5,142.5825257000979,12.47728329966776,58.09891658164504,0.709991254919108,0.7013094345786508,0.709991254919108,0.6945321740585119,0.5927518585413509,0.1821891891891892,0.17596841083561282,0.630518377113358,0.2413001520503634,0.30272453110330816,0.07976366322008863,0.058319039451114926,0.11836634874052336,0.23697448796263026,0.4623886506103596,0.018599968205182556,0.3898741418764302,0.6402116402116402,0.18181818181818182,0.12900208910265754,0.18505792314008984,0.12900208910265754,0.06398614628508997,0.008129531097899174,1.0,0.0,0.4999983850620392,0.10253739738748235,0.0442284122653641,0.0,0.0,0.0,0.0,0.0,0.0,0.0,0.0,0.0
UNSW-NB15,RANDOM_L2,32,5,142.5825257000979,12.0738330995664,58.00053442161006,0.709991254919108,0.7013094345786508,0.709991254919108,0.6945321740585119,0.5927518585413509,0.1821891891891892,0.17596841083561282,0.630518377113358,0.2413001520503634,0.30272453110330816,0.07976366322008863,0.058319039451114926,0.11836634874052336,0.23697448796263026,0.4623886506103596,0.018599968205182556,0.3898741418764302,0.6402116402116402,0.18181818181818182,0.12998591070300733,0.17863290782597757,0.12998591070300733,0.06150917491276579,0.009607296218105622,1.0,0.0,0.5004302483620167,0.10214403203202116,0.04352041728439828,0.0,0.0,0.0,0.0,0.0,0.0,0.0,0.0,0.0
UNSW-NB15,FGSM,32,10,149.04795580008067,6.172012599883601,56.923189039498624,0.6930719525822281,0.7175991815741778,0.6930719525822281,0.6984818463988818,0.5789984157542352,0.22956756756756758,0.138732021530045,0.6392276275382043,0.2458001142925935,0.3194928130754365,0.08124076809453472,0.036020583190394515,0.07165566153093667,0.1855910887531441,0.4221379082810954,0.011923056541783689,0.2665903890160183,0.3439153439153439,0.18181818181818182,0.1238400621872419,0.2350375831687028,0.1238400621872419,0.09739328302132226,-0.1279414482940849,0.8811621621621621,0.2783464219535869,0.47730078565717377,0.09563089844253311,0.03592188514926376,0.948301329394387,0.9039451114922813,0.760577158229396,0.4233740567732663,0.4577697129660178,0.007365799374701923,0.19279176201372997,0.09259259259259259,0.06818181818181818
UNSW-NB15,RANDOM_LINF,32,10,149.04795580008067,7.991846400080249,56.96084147111694,0.6930719525822281,0.7175991815741778,0.6930719525822281,0.6984818463988818,0.5789984157542352,0.22956756756756758,0.138732021530045,0.6392276275382043,0.2458001142925935,0.3194928130754365,0.08124076809453472,0.036020583190394515,0.07165566153093667,0.1855910887531441,0.4221379082810954,0.011923056541783689,0.2665903890160183,0.3439153439153439,0.18181818181818182,0.12346353787105864,0.10782688052547049,0.12346353787105864,0.06227975589572862,0.008632599024820437,1.0,0.0,0.5022160514146831,0.10077080005522679,0.05133809171211516,0.0,0.0,0.0,0.0,0.0,0.0,0.0,0.0,0.0
UNSW-NB15,RANDOM_L2,32,10,149.04795580008067,8.05788500001654,57.08594471165526,0.6930719525822281,0.7175991815741778,0.6930719525822281,0.6984818463988818,0.5789984157542352,0.22956756756756758,0.138732021530045,0.6392276275382043,0.2458001142925935,0.3194928130754365,0.08124076809453472,0.036020583190394515,0.07165566153093667,0.1855910887531441,0.4221379082810954,0.011923056541783689,0.2665903890160183,0.3439153439153439,0.18181818181818182,0.12221250546567555,0.11014290172174815,0.12221250546567555,0.06068888592240845,0.009229578165295127,1.0,0.0,0.5024089887189099,0.10078728843200876,0.05065645504496572,0.0,0.0,0.0,0.0,0.0,0.0,0.0,0.0,0.0
UNSW-NB15,FGSM,32,15,139.7733564998489,5.530489600030705,52.63324102414615,0.6972987416800273,0.7185788556164108,0.6972987416800273,0.7021453634546098,0.5854348086738831,0.23062162162162161,0.1349598517603459,0.6417891967821083,0.2466505954205634,0.32228631380499506,0.06351550960118169,0.048027444253859346,0.07605771582293959,0.15576715774344232,0.4044869679973606,0.00869058343490011,0.33867276887871856,0.5291005291005291,0.045454545454545456,0.1709663314385658,0.22225195871534448,0.1709663314385658,0.18226948391411005,-0.025523689525900214,0.8797297297297297,0.28218477014029825,0.4935871382921227,0.10119941462830126,0.0844441778795475,0.9571639586410635,0.9039451114922813,0.7666911225238444,0.43765720445562345,0.45941933355328274,0.009273488421387314,0.17477116704805493,0.082010582010582,0.18181818181818182
UNSW-NB15,RANDOM_LINF,32,15,139.7733564998489,7.956265199230984,56.264878783462095,0.6972987416800273,0.7185788556164108,0.6972987416800273,0.7021453634546098,0.5854348086738831,0.23062162162162161,0.1349598517603459,0.6417891967821083,0.2466505954205634,0.32228631380499506,0.06351550960118169,0.048027444253859346,0.07605771582293959,0.15576715774344232,0.4044869679973606,0.00869058343490011,0.33867276887871856,0.5291005291005291,0.045454545454545456,0.1346499538454064,0.5948001128578264,0.1346499538454064,0.09053203456754301,0.028131616352374326,0.9999729729729729,0.0,0.5058116296589914,0.10376940768040865,0.06643408406221281,0.0,0.0,0.0,0.0,0.0,0.0,0.0,0.0,0.0
UNSW-NB15,RANDOM_L2,32,15,139.7733564998489,7.855071899946779,57.01671282126026,0.6972987416800273,0.7185788556164108,0.6972987416800273,0.7021453634546098,0.5854348086738831,0.23062162162162161,0.1349598517603459,0.6417891967821083,0.2466505954205634,0.32228631380499506,0.06351550960118169,0.048027444253859346,0.07605771582293959,0.15576715774344232,0.4044869679973606,0.00869058343490011,0.33867276887871856,0.5291005291005291,0.045454545454545456,0.12713161346742458,0.13314951263318517,0.12713161346742458,0.08557057937237135,0.021341868892073138,1.0,0.0,0.5051289469099093,0.10275209911238499,0.06640956081307028,0.0,0.0,0.0,0.0,0.0,0.0,0.0,0.0,0.0
UNSW-NB15,FGSM,32,20,138.18367379996926,5.007505799876526,58.757226837681586,0.7130398872856241,0.7310822430637288,0.7130398872856241,0.7130965436625363,0.6075536697925739,0.22772972972972974,0.12373158034059825,0.6470494199409715,0.25708526552798644,0.3318473858494091,0.07976366322008863,0.044596912521440824,0.06309611151870873,0.1267517067912325,0.3777631144836688,0.007524773461925706,0.33867276887871856,0.6322751322751323,0.11363636363636363,0.12546761890880823,0.1847158032155756,0.12546761890880823,0.13957842167785794,-0.09274988533046545,0.8768918918918919,0.30120003529515577,0.470452828925141,0.09665891623191998,0.05300484143181049,0.9527326440177253,0.902229845626072,0.789435069699193,0.4898490837226015,0.47360607060376114,0.010492289756769647,0.19622425629290619,0.08994708994708994,0.29545454545454547
UNSW-NB15,RANDOM_LINF,32,20,138.18367379996926,6.658552000764757,55.48875285429724,0.7130398872856241,0.7310822430637288,0.7130398872856241,0.7130965436625363,0.6075536697925739,0.22772972972972974,0.12373158034059825,0.6470494199409715,0.25708526552798644,0.3318473858494091,0.07976366322008863,0.044596912521440824,0.06309611151870873,0.1267517067912325,0.3777631144836688,0.007524773461925706,0.33867276887871856,0.6322751322751323,0.11363636363636363,0.1581523587426517,0.4716936610545977,0.1581523587426517,0.1298621689642461,0.05452660155121005,0.9999189189189189,2.2059472337421688e-05,0.5136859164792115,0.10786277457104013,0.0868700507484009,0.0,0.0,0.0,8.983111749910169e-05,0.0,0.0,0.0,0.0,0.0
UNSW-NB15,RANDOM_L2,32,20,138.18367379996926,6.680768199963495,57.260846329495216,0.7130398872856241,0.7310822430637288,0.7130398872856241,0.7130965436625363,0.6075536697925739,0.22772972972972974,0.12373158034059825,0.6470494199409715,0.25708526552798644,0.3318473858494091,0.07976366322008863,0.044596912521440824,0.06309611151870873,0.1267517067912325,0.3777631144836688,0.007524773461925706,0.33867276887871856,0.6322751322751323,0.11363636363636363,0.1404314239906719,0.5721208720429628,0.1404314239906719,0.1138183692272296,0.036964783752463835,0.9998918918918919,0.0,0.5104485943012126,0.10483213961850076,0.08019682823181214,0.0,0.0,0.0,0.0,0.0,0.0,0.0,0.0,0.0
UNSW-NB15,C&W,1,5,1.3672021999955177,5.326759599847719,0.0,0.6987926929990769,0.7235468521502313,0.6987926929990769,0.6439381926931652,0.5708754412337477,0.14991891891891893,0.2526030177358158,0.6044219110506301,0.21417871658448412,0.22679402456534764,0.08567208271787297,0.07890222984562607,0.12961604304230864,0.28790873158462094,0.6999340151765094,0.019394838641301468,0.7502860411899314,0.9788359788359788,0.22727272727272727,0.6987926929990769,0.7235468521502313,0.6987926929990769,0.6439381926931652,0.5708754412337477,0.14991891891891893,0.2526030177358158,0.6044219110506301,0.21417871658448412,0.22679402456534764,0.08567208271787297,0.07890222984562607,0.12961604304230864,0.28790873158462094,0.6999340151765094,0.019394838641301468,0.7502860411899314,0.9788359788359788,0.22727272727272727
UNSW-NB15,C&W,1,10,1.2105132001452148,3.95559179992415,0.0,0.6996064713598601,0.7239258819627982,0.6996064713598601,0.6445459788822605,0.5719364409639967,0.14813513513513513,0.2524927203741287,0.6045646459896215,0.21435570463861692,0.22699950921411038,0.08567208271787297,0.07890222984562607,0.12912692589875274,0.28781890046712183,0.6999340151765094,0.019288855916485614,0.7502860411899314,0.9788359788359788,0.22727272727272727,0.6996064713598601,0.7239258819627982,0.6996064713598601,0.6445459788822605,0.5719364409639967,0.14813513513513513,0.2524927203741287,0.6045646459896215,0.21435570463861692,0.22699950921411038,0.08567208271787297,0.07890222984562607,0.12912692589875274,0.28781890046712183,0.6999340151765094,0.019288855916485614,0.7502860411899314,0.9788359788359788,0.22727272727272727
UNSW-NB15,C&W,1,15,1.2483975999057293,2.656557600479573,0.0,0.6996186173055434,0.7339930091419461,0.6996186173055434,0.645497248034328,0.5724686499213646,0.14816216216216216,0.2525809582634783,0.6045920192412533,0.21535230863871474,0.22726692122801984,0.08567208271787297,0.07890222984562607,0.12912692589875274,0.28799856270212,0.7002639392939624,0.019288855916485614,0.7502860411899314,0.9788359788359788,0.22727272727272727,0.6996186173055434,0.7339930091419461,0.6996186173055434,0.645497248034328,0.5724686499213646,0.14816216216216216,0.2525809582634783,0.6045920192412533,0.21535230863871474,0.22726692122801984,0.08567208271787297,0.07890222984562607,0.12912692589875274,0.28799856270212,0.7002639392939624,0.019288855916485614,0.7502860411899314,0.9788359788359788,0.22727272727272727
UNSW-NB15,C&W,1,20,1.2982677000109106,2.5428710002452135,0.0,0.6996914929796434,0.7337591589079305,0.6996914929796434,0.6457253767237352,0.5725984206119137,0.14816216216216216,0.252250066178417,0.6046839212833213,0.2154270067313176,0.22761526154804068,0.08567208271787297,0.07890222984562607,0.12741501589630716,0.28781890046712183,0.7002639392939624,0.019235864554077685,0.7488558352402745,0.9788359788359788,0.22727272727272727,0.6996914929796434,0.7337591589079305,0.6996914929796434,0.6457253767237352,0.5725984206119137,0.14816216216216216,0.252250066178417,0.6046839212833213,0.2154270067313176,0.22761526154804068,0.08567208271787297,0.07890222984562607,0.12741501589630716,0.28781890046712183,0.7002639392939624,0.019235864554077685,0.7488558352402745,0.9788359788359788,0.22727272727272727
UNSW-NB15,C&W,2,5,2.760111500043422,7.255323599791154,0.0,0.623293494631492,0.7027048200207004,0.623293494631492,0.6165159888931443,0.5117866993832685,0.3652162162162162,0.11762110650313244,0.6040896975851465,0.2114230944117368,0.2320736458240671,0.03840472673559823,0.051457975986277875,0.06969919295671313,0.22125404240028745,0.24232926426921808,0.012823909702718458,0.20194508009153317,0.2698412698412698,0.20454545454545456,0.623293494631492,0.7027048200207004,0.623293494631492,0.6165159888931443,0.5117866993832685,0.3652162162162162,0.11762110650313244,0.6040896975851465,0.2114230944117368,0.2320736458240671,0.03840472673559823,0.051457975986277875,0.06969919295671313,0.22125404240028745,0.24232926426921808,0.012823909702718458,0.20194508009153317,0.2698412698412698,0.20454545454545456
UNSW-NB15,C&W,2,10,2.4584578999783844,5.260095200268552,0.0,0.5987343924597969,0.7434104129142058,0.5987343924597969,0.6035674684304037,0.5162024566344126,0.44594594594594594,0.04330274419835878,0.6043230547091671,0.2131921664555302,0.2280857149318518,0.004431314623338257,0.0137221269296741,0.0359501100513573,0.13438735177865613,0.023589574397888485,0.0078957129987812,0.002574370709382151,0.0026455026455026454,0.1590909090909091,0.5987343924597969,0.7434104129142058,0.5987343924597969,0.6035674684304037,0.5162024566344126,0.44594594594594594,0.04330274419835878,0.6043230547091671,0.2131921664555302,0.2280857149318518,0.004431314623338257,0.0137221269296741,0.0359501100513573,0.13438735177865613,0.023589574397888485,0.0078957129987812,0.002574370709382151,0.0026455026455026454,0.1590909090909091
UNSW-NB15,C&W,2,15,2.4654558999463916,4.282516000093892,-0.0012145945683328385,0.6013336248360297,0.7406717253269456,0.6013336248360297,0.6077174178674855,0.51825667391026,0.4466216216216216,0.04259684108356128,0.6070174715478613,0.21493340338649594,0.2343893995790587,0.004431314623338257,0.0137221269296741,0.03301540719002201,0.1330398850161696,0.023094688221709007,0.007789730273965343,0.002574370709382151,0.0026455026455026454,0.1590909090909091,0.601345770781713,0.7406745010486231,0.601345770781713,0.6077285356791072,0.518267126961471,0.4465945945945946,0.04259684108356128,0.6070195251464037,0.21493552537371455,0.23439249547472496,0.004431314623338257,0.0137221269296741,0.03301540719002201,0.1330398850161696,0.023094688221709007,0.007789730273965343,0.002574370709382151,0.0026455026455026454,0.1590909090909091
UNSW-NB15,C&W,2,20,2.6069614000152797,2.74065350019373,0.0,0.6276053053490744,0.7471081887548245,0.6276053053490744,0.6357208742563906,0.537538239087211,0.4131351351351351,0.06196505779581753,0.6248967480464706,0.2276027531074964,0.255593146485995,0.08419497784342689,0.022298456260720412,0.05135730007336757,0.19987423643550126,0.017321016166281754,0.009644427958242807,0.002574370709382151,0.0026455026455026454,0.1590909090909091,0.6276053053490744,0.746132751781996,0.6276053053490744,0.6357215822537845,0.5375365663062744,0.4131351351351351,0.06196505779581753,0.6248967693842061,0.2275902509294201,0.2555939718379424,0.08419497784342689,0.022298456260720412,0.05135730007336757,0.19987423643550126,0.017321016166281754,0.009644427958242807,0.002574370709382151,0.0026455026455026454,0.1590909090909091
UNSW-NB15,C&W,4,5,5.851794300135225,8.433451200136915,0.0,0.698428314628577,0.6878537658168404,0.698428314628577,0.6630294353982107,0.566377222283845,0.13913513513513515,0.23347745521927116,0.6075766621773886,0.21762170297555108,0.24579472759682686,0.06351550960118169,0.08747855917667238,0.16556615309366593,0.3967840459935322,0.5148465852853844,0.01679826188331302,0.49742562929061784,0.5158730158730159,0.5454545454545454,0.698428314628577,0.6878537658168404,0.698428314628577,0.6630294353982107,0.566377222283845,0.13913513513513515,0.23347745521927116,0.6075766621773886,0.21762170297555108,0.24579472759682686,0.06351550960118169,0.08747855917667238,0.16556615309366593,0.3967840459935322,0.5148465852853844,0.01679826188331302,0.49742562929061784,0.5158730158730159,0.5454545454545454
UNSW-NB15,C&W,4,10,5.188597499858588,7.00927669997327,0.0,0.7090560171014916,0.6832535794539828,0.7090560171014916,0.674171725949033,0.5830832880048882,0.12916216216216217,0.21296214594546897,0.6118783036191784,0.2216664131394231,0.2514528453813192,0.08567208271787297,0.08747855917667238,0.16385424309122035,0.35842615882141576,0.4953810623556582,0.014731598749403847,0.40160183066361554,0.5158730158730159,0.11363636363636363,0.7090560171014916,0.6832535794539828,0.7090560171014916,0.674171725949033,0.5830832880048882,0.12916216216216217,0.21296214594546897,0.6118783036191784,0.2216664131394231,0.2514528453813192,0.08567208271787297,0.08747855917667238,0.16385424309122035,0.35842615882141576,0.4953810623556582,0.014731598749403847,0.40160183066361554,0.5158730158730159,0.11363636363636363
UNSW-NB15,C&W,4,15,5.226210199994966,4.657369900494814,0.0,0.7107321576057912,0.7023133617356934,0.7107321576057912,0.6768162985604848,0.5867404172933999,0.13402702702702704,0.20555016324009528,0.6134311321230015,0.22372542105289644,0.2532848406238693,0.08567208271787297,0.08061749571183534,0.15505013450721447,0.33875314408911245,0.487957769712966,0.012982883789942239,0.4018878718535469,0.5158730158730159,0.11363636363636363,0.7107321576057912,0.7023133617356934,0.7107321576057912,0.6768162985604848,0.5867404172933999,0.13402702702702704,0.20555016324009528,0.6134311321230015,0.22372542105289644,0.2532848406238693,0.08567208271787297,0.08061749571183534,0.15505013450721447,0.33875314408911245,0.487957769712966,0.012982883789942239,0.4018878718535469,0.5158730158730159,0.11363636363636363
UNSW-NB15,C&W,4,20,5.345726399915293,3.753432999830693,0.0,0.7082179468493417,0.6958036784227648,0.7082179468493417,0.6798412308727545,0.5899897215308341,0.17432432432432432,0.1760566487249625,0.6184742407926764,0.22818702566074128,0.2584820873809006,0.08567208271787297,0.07375643224699828,0.08828564441183663,0.23086597197269135,0.523754536456615,0.009220497058979387,0.40045766590389015,0.5158730158730159,0.11363636363636363,0.7082179468493417,0.6958036784227648,0.7082179468493417,0.6798412308727545,0.5899897215308341,0.17432432432432432,0.1760566487249625,0.6184742407926764,0.22818702566074128,0.2584820873809006,0.08567208271787297,0.07375643224699828,0.08828564441183663,0.23086597197269135,0.523754536456615,0.009220497058979387,0.40045766590389015,0.5158730158730159,0.11363636363636363
UNSW-NB15,C&W,8,5,12.539042299846187,10.130537599790841,0.0,0.6724967205946655,0.713134612928734,0.6724967205946655,0.6613801082473876,0.55967957348016,0.2682162162162162,0.11945204270713844,0.617126370065761,0.2243480794455984,0.2530461056995139,0.08567208271787297,0.03430531732418525,0.0665199315235999,0.20382680560546174,0.29709666776641375,0.011764082454559907,0.19107551487414187,0.25396825396825395,0.20454545454545456,0.6724967205946655,0.713134612928734,0.6724967205946655,0.6613801082473876,0.55967957348016,0.2682162162162162,0.11945204270713844,0.617126370065761,0.2243480794455984,0.2530461056995139,0.08567208271787297,0.03430531732418525,0.0665199315235999,0.20382680560546174,0.29709666776641375,0.011764082454559907,0.19107551487414187,0.25396825396825395,0.20454545454545456
UNSW-NB15,C&W,8,10,11.906137599842623,8.043523099739105,0.0,0.678351066414031,0.6936265080087415,0.678351066414031,0.6614763251012513,0.5601104347137289,0.23145945945945945,0.1407614929850878,0.6136080563007941,0.22099590964024726,0.24924464132778415,0.08567208271787297,0.0411663807890223,0.08217168011738811,0.23733381243262666,0.35285384361596833,0.012452970165862965,0.23569794050343248,0.30158730158730157,0.20454545454545456,0.678351066414031,0.6936265080087415,0.678351066414031,0.6614763251012513,0.5601104347137289,0.23145945945945945,0.1407614929850878,0.6136080563007941,0.22099590964024726,0.24924464132778415,0.08567208271787297,0.0411663807890223,0.08217168011738811,0.23733381243262666,0.35285384361596833,0.012452970165862965,0.23569794050343248,0.30158730158730157,0.20454545454545456
UNSW-NB15,C&W,8,15,11.630387699929997,6.104023399762809,0.0,0.7072705630860419,0.7005212500563376,0.7072705630860419,0.6826666130786327,0.5935833837140921,0.18886486486486487,0.15079855289861466,0.6204100660017406,0.23026848859431853,0.2597866977773515,0.08567208271787297,0.05660377358490566,0.07923697725605282,0.19511318720804888,0.44737710326624874,0.008160669810820836,0.3489702517162471,0.42592592592592593,0.045454545454545456,0.7072705630860419,0.7005212500563376,0.7072705630860419,0.6826666130786327,0.5935833837140921,0.18886486486486487,0.15079855289861466,0.6204100660017406,0.23026848859431853,0.2597866977773515,0.08567208271787297,0.05660377358490566,0.07923697725605282,0.19511318720804888,0.44737710326624874,0.008160669810820836,0.3489702517162471,0.42592592592592593,0.045454545454545456
UNSW-NB15,C&W,8,20,11.686085200170055,5.341478599933907,0.0,0.7041004712626925,0.7097784239918156,0.7041004712626925,0.6835292763504044,0.5911307215794009,0.19835135135135135,0.1435189270272655,0.6217197638966194,0.23143234317781136,0.26217086819798147,0.08567208271787297,0.044596912521440824,0.07556859867938372,0.18783686669062163,0.43121082151105244,0.00831964389804462,0.31407322654462244,0.3968253968253968,0.06818181818181818,0.7041004712626925,0.7097784239918156,0.7041004712626925,0.6835292763504044,0.5911307215794009,0.19835135135135135,0.1435189270272655,0.6217197638966194,0.23143234317781136,0.26217086819798147,0.08567208271787297,0.044596912521440824,0.07556859867938372,0.18783686669062163,0.43121082151105244,0.00831964389804462,0.31407322654462244,0.3968253968253968,0.06818181818181818
UNSW-NB15,C&W,10,5,16.393956700107083,13.295311799738556,0.0,0.6976874119418938,0.677219375321708,0.6976874119418938,0.6670536094676073,0.5690855656260818,0.1572162162162162,0.21219006441365923,0.6108930839184227,0.22024003396320366,0.25082525558730245,0.08419497784342689,0.08061749571183534,0.13450721447786745,0.3560905497664391,0.4976905311778291,0.01748714959461608,0.4170480549199085,0.46296296296296297,0.4772727272727273,0.6976874119418938,0.677219375321708,0.6976874119418938,0.6670536094676073,0.5690855656260818,0.1572162162162162,0.21219006441365923,0.6108930839184227,0.22024003396320366,0.25082525558730245,0.08419497784342689,0.08061749571183534,0.13450721447786745,0.3560905497664391,0.4976905311778291,0.01748714959461608,0.4170480549199085,0.46296296296296297,0.4772727272727273
UNSW-NB15,C&W,10,10,15.416414599865675,9.0150362001732,0.0,0.6920516931448283,0.7015383203184838,0.6920516931448283,0.6721979284648848,0.5701730614482805,0.1982162162162162,0.16968146121944763,0.6166488733721636,0.22511117546558107,0.2582577770420113,0.08567208271787297,0.06689536878216124,0.12130105160185864,0.302102048149479,0.3861761794787199,0.014095702400508716,0.2811784897025172,0.37037037037037035,0.13636363636363635,0.6920516931448283,0.7015383203184838,0.6920516931448283,0.6721979284648848,0.5701730614482805,0.1982162162162162,0.16968146121944763,0.6166488733721636,0.22511117546558107,0.2582577770420113,0.08567208271787297,0.06689536878216124,0.12130105160185864,0.302102048149479,0.3861761794787199,0.014095702400508716,0.2811784897025172,0.37037037037037035,0.13636363636363635
UNSW-NB15,C&W,10,15,14.68772520008497,6.766333400504664,0.0,0.7048170820580091,0.72188309971412,0.7048170820580091,0.6861910359840155,0.599373241060657,0.22475675675675677,0.11792993911585635,0.6262973645534045,0.23504407246028158,0.2671926739364249,0.05465288035450517,0.044596912521440824,0.05527023722181462,0.12073302191879266,0.4021774991751897,0.007948704361189126,0.2797482837528604,0.3783068783068783,0.09090909090909091,0.7048170820580091,0.72188309971412,0.7048170820580091,0.6861910359840155,0.599373241060657,0.22475675675675677,0.11792993911585635,0.6262973645534045,0.23504407246028158,0.2671926739364249,0.05465288035450517,0.044596912521440824,0.05527023722181462,0.12073302191879266,0.4021774991751897,0.007948704361189126,0.2797482837528604,0.3783068783068783,0.09090909090909091
UNSW-NB15,C&W,10,20,14.399455900071189,5.816282599698752,0.0,0.684739833843463,0.7340251281996917,0.684739833843463,0.683050893953162,0.5881217996413104,0.29667567567567565,0.07936998147004323,0.6353305834183068,0.24081843921009666,0.29340164211186626,0.047267355982274745,0.024013722126929673,0.036683785766691124,0.10788717211642113,0.2530517980864401,0.005935032589687881,0.13958810068649885,0.17724867724867724,0.0,0.684739833843463,0.7340251281996917,0.684739833843463,0.683050893953162,0.5881217996413104,0.29667567567567565,0.07936998147004323,0.6353305834183068,0.24081843921009666,0.29340164211186626,0.047267355982274745,0.024013722126929673,0.036683785766691124,0.10788717211642113,0.2530517980864401,0.005935032589687881,0.13958810068649885,0.17724867724867724,0.0
UNSW-NB15,C&W,16,5,28.53018320002593,14.7275250996463,0.0,0.6977724335616771,0.7019231921334372,0.6977724335616771,0.6789445192987823,0.5784166634789596,0.20370270270270271,0.1702550075002206,0.6229139580744184,0.23213306552012042,0.27718211792786046,0.07680945347119646,0.06689536878216124,0.10222548300317927,0.24065756378009343,0.45842956120092376,0.024164061258014943,0.3220823798627002,0.4365079365079365,0.09090909090909091,0.6977724335616771,0.7019231921334372,0.6977724335616771,0.6789445192987823,0.5784166634789596,0.20370270270270271,0.1702550075002206,0.6229139580744184,0.23213306552012042,0.27718211792786046,0.07680945347119646,0.06689536878216124,0.10222548300317927,0.24065756378009343,0.45842956120092376,0.024164061258014943,0.3220823798627002,0.4365079365079365,0.09090909090909091
UNSW-NB15,C&W,16,10,26.18355829990469,14.821373200044036,0.0,0.6966792984501773,0.7105069612977588,0.6966792984501773,0.6856188203692748,0.5835561414663197,0.2301081081081081,0.14396011647401394,0.6305638990273611,0.23923124710032936,0.2917052311961259,0.06499261447562776,0.060034305317324184,0.08755196869650281,0.22053539346029466,0.37792807654239524,0.0142546764877325,0.2660183066361556,0.37566137566137564,0.045454545454545456,0.6966792984501773,0.7105069612977588,0.6966792984501773,0.6856188203692748,0.5835561414663197,0.2301081081081081,0.14396011647401394,0.6305638990273611,0.23923124710032936,0.2917052311961259,0.06499261447562776,0.060034305317324184,0.08755196869650281,0.22053539346029466,0.37792807654239524,0.0142546764877325,0.2660183066361556,0.37566137566137564,0.045454545454545456
UNSW-NB15,C&W,16,15,23.711873000022024,9.748806499876082,0.0,0.7134164116018074,0.7325007473254761,0.7134164116018074,0.7045214072529182,0.6097115493867836,0.22586486486486487,0.12020206476661079,0.6390304398837463,0.24950921535540288,0.3035473830554528,0.08567208271787297,0.0548885077186964,0.062117877231596966,0.11597197269134028,0.42411745298581327,0.007418790737109851,0.2751716247139588,0.36243386243386244,0.09090909090909091,0.7134164116018074,0.7325007473254761,0.7134164116018074,0.7045214072529182,0.6097115493867836,0.22586486486486487,0.12020206476661079,0.6390304398837463,0.24950921535540288,0.3035473830554528,0.08567208271787297,0.0548885077186964,0.062117877231596966,0.11597197269134028,0.42411745298581327,0.007418790737109851,0.2751716247139588,0.36243386243386244,0.09090909090909091
UNSW-NB15,C&W,16,20,23.885232200147584,7.800208499887958,0.0012145945683328385,0.7179347033960064,0.7330045867564067,0.7179347033960064,0.7094870740130566,0.6137235416197322,0.2130810810810811,0.12443748345539575,0.6408059574328668,0.252979397684313,0.3093412061117492,0.08567208271787297,0.04631217838765009,0.0748349229640499,0.13762127200862379,0.3924447377103266,0.005670075777648244,0.30635011441647597,0.41798941798941797,0.06818181818181818,0.7179225574503231,0.7329985973426055,0.7179225574503231,0.70947674523111,0.6137096949515581,0.2131081081081081,0.12443748345539575,0.6408039038343245,0.2529757457322656,0.30933741576270457,0.08567208271787297,0.04631217838765009,0.0748349229640499,0.13762127200862379,0.3924447377103266,0.005670075777648244,0.30635011441647597,0.41798941798941797,0.06818181818181818
UNSW-NB15,C&W,32,5,61.8823543000035,28.49862760026008,0.0,0.7208375844143226,0.7077408349061246,0.7208375844143226,0.6959495848106378,0.6071679615773246,0.1605945945945946,0.1756595782228889,0.628325200972027,0.24000026388554802,0.2894951672415277,0.0723781388478582,0.058319039451114926,0.09415505013450721,0.22511678045274883,0.5042890135268888,0.017964071856287425,0.3987414187643021,0.48148148148148145,0.38636363636363635,0.7208375844143226,0.7077408349061246,0.7208375844143226,0.6959495848106378,0.6071679615773246,0.1605945945945946,0.1756595782228889,0.628325200972027,0.24000026388554802,0.2894951672415277,0.0723781388478582,0.058319039451114926,0.09415505013450721,0.22511678045274883,0.5042890135268888,0.017964071856287425,0.3987414187643021,0.48148148148148145,0.38636363636363635
UNSW-NB15,C&W,32,10,58.727088700048625,17.570742199895903,0.0,0.7266919302336879,0.7199899770405294,0.7266919302336879,0.704986518820228,0.6200726831043669,0.17037837837837838,0.1441365922527133,0.6324899292372487,0.24344535173787746,0.29276152676347894,0.0723781388478582,0.04974271012006861,0.07116654438738078,0.14687387711103125,0.48729792147806006,0.008584600710084257,0.35697940503432496,0.42592592592592593,0.11363636363636363,0.7266919302336879,0.7199899770405294,0.7266919302336879,0.704986518820228,0.6200726831043669,0.17037837837837838,0.1441365922527133,0.6324899292372487,0.24344535173787746,0.29276152676347894,0.0723781388478582,0.04974271012006861,0.07116654438738078,0.14687387711103125,0.48729792147806006,0.008584600710084257,0.35697940503432496,0.42592592592592593,0.11363636363636363
UNSW-NB15,C&W,32,15,49.52465540007688,15.610364800319076,-0.0012145945683328385,0.7225015789729389,0.7239256261863881,0.7225015789729389,0.7073610424674407,0.6186558172481978,0.19902702702702701,0.1293788052589782,0.638324180163407,0.24798274320384067,0.3044366615522166,0.0723781388478582,0.044596912521440824,0.05942773294203962,0.13007545813869925,0.4440778620917189,0.007259816649886068,0.31864988558352403,0.3968253968253968,0.13636363636363635,0.7225137249186222,0.7239308239434212,0.7225137249186222,0.7073709248341714,0.618669603961165,0.199,0.1293788052589782,0.6383262337619493,0.24798603117773182,0.3044401806200136,0.0723781388478582,0.044596912521440824,0.05942773294203962,0.13007545813869925,0.4440778620917189,0.007259816649886068,0.31864988558352403,0.3968253968253968,0.13636363636363635
UNSW-NB15,C&W,32,20,49.1712503999006,16.305461599957198,0.0,0.7268984113103046,0.7343957304508009,0.7268984113103046,0.713024722897996,0.6239829767666336,0.19356756756756757,0.12739345274861025,0.6405934640603081,0.25395808681405396,0.31063988432089074,0.0206794682422452,0.058319039451114926,0.058694057226705794,0.10734818541142652,0.4439129000329924,0.007365799374701923,0.36670480549199086,0.4603174603174603,0.13636363636363635,0.7268984113103046,0.7343957304508009,0.7268984113103046,0.713024722897996,0.6239829767666336,0.19356756756756757,0.12739345274861025,0.6405934640603081,0.25395808681405396,0.31063988432089074,0.0206794682422452,0.058319039451114926,0.058694057226705794,0.10734818541142652,0.4439129000329924,0.007365799374701923,0.36670480549199086,0.4603174603174603,0.13636363636363635
