Dataset,Attack,Resolution,AddressSize,TrainTime_s,InferTime_Adv_s,Acc_Drop_pp,Clean_Acc,Clean_Precision,Clean_Recall,Clean_F1,Clean_MCC,Clean_FAR,Clean_ASR,Clean_AUC,Clean_PR_AUC,Clean_F1_Macro,Clean_Miss_ddos,Clean_Miss_dos,Clean_Miss_reconnaissance,Clean_Miss_theft,Adv_Acc,Adv_Precision,Adv_Recall,Adv_F1,Adv_MCC,Adv_FAR,Adv_ASR,Adv_AUC,Adv_PR_AUC,Adv_F1_Macro,Adv_Miss_ddos,Adv_Miss_dos,Adv_Miss_reconnaissance,Adv_Miss_theft
Bot-IoT,FGSM,1,5,0.15340757369995117,1.3272736072540283,69.99164061932107,0.9030311841244457,0.9135631441602159,0.9030311841244457,0.90301633854892,0.8247372052402849,0.3333333333333333,0.0,0.8299198460143499,0.6786919472455584,0.7200334165605499,0.0,0.0,0.0,0.0,0.203114777931235,0.23698493326289286,0.203114777931235,0.21067245584235844,-0.3068411812143944,0.9333333333333333,0.014221971810506993,0.4816028313669946,0.19030916513161145,0.11564915156672498,0.01036708838851486,0.019064719173660427,0.007797994801336799,0.0
Bot-IoT,RANDOM_LINF,1,5,0.15340757369995117,0.9679460525512695,45.382350803227446,0.9030311841244457,0.9135631441602159,0.9030311841244457,0.90301633854892,0.8247372052402849,0.3333333333333333,0.0,0.8299198460143499,0.6786919472455584,0.7200334165605499,0.0,0.0,0.0,0.0,0.44920767609217127,0.523906645338319,0.44920767609217127,0.47696715960007247,0.08261394375801191,0.8666666666666667,0.006470315609636408,0.5760014504258903,0.21636384460603603,0.22555982848571982,0.005313349140691255,0.007525016139444803,0.01188265874489417,0.0
Bot-IoT,RANDOM_L2,1,5,0.15340757369995117,0.8070762157440186,46.78527295195173,0.9030311841244457,0.9135631441602159,0.9030311841244457,0.90301633854892,0.8247372052402849,0.3333333333333333,0.0,0.8299198460143499,0.6786919472455584,0.7200334165605499,0.0,0.0,0.0,0.0,0.4351784546049284,0.5134424657361512,0.4351784546049284,0.46569543403338487,0.06148077207876993,0.9333333333333333,0.005416163066493398,0.5503223323691363,0.21023876417994813,0.21334654468143666,0.004638363419235362,0.006132989025177534,0.008911994058670627,0.0
Bot-IoT,FGSM,1,10,0.15770912170410156,0.16110682487487793,81.36766736933924,0.8944446463618522,0.8981463716102229,0.8944446463618522,0.8945901455402878,0.8014698026481921,0.13333333333333333,0.0,0.8454880641507202,0.712901811337323,0.7422814900763414,0.0,0.0,0.0,0.0,0.0807679726684597,0.5288728422306586,0.0807679726684597,0.13241868677710905,0.015800042325979174,0.8666666666666667,0.1717541643569215,0.45490327452996626,0.20228960525799677,0.06696117474298555,0.30922999705775456,0.01460619754680439,0.11474192350538433,0.0
Bot-IoT,RANDOM_LINF,1,10,0.15770912170410156,0.21254849433898926,73.00374354873883,0.8944446463618522,0.8981463716102229,0.8944446463618522,0.8945901455402878,0.8014698026481921,0.13333333333333333,0.0,0.8454880641507202,0.712901811337323,0.7422814900763414,0.0,0.0,0.0,0.0,0.16440721087446392,0.5005484759634224,0.16440721087446392,0.23844375739832127,0.02142985429771813,0.8666666666666667,0.040048709117510746,0.4863235292502678,0.2046207343574679,0.11799977149662082,0.03366274944183873,0.04660264686894771,0.05644262903824731,0.0
Bot-IoT,RANDOM_L2,1,10,0.15770912170410156,0.17684316635131836,74.23493494221124,0.8944446463618522,0.8981463716102229,0.8944446463618522,0.8945901455402878,0.8014698026481921,0.13333333333333333,0.0,0.8454880641507202,0.712901811337323,0.7422814900763414,0.0,0.0,0.0,0.0,0.15209529693973978,0.4931077870980488,0.15209529693973978,0.22528303957684542,0.01289294140700635,0.8666666666666667,0.03356930598595069,0.47200026389904404,0.202204165319768,0.10697961529709517,0.02997628896311809,0.037161071659134924,0.04455997029335314,0.0
Bot-IoT,FGSM,1,15,0.13242840766906738,0.1536109447479248,94.61728574543868,0.9488078796249182,0.9497485156318973,0.9488078796249182,0.9488634511994978,0.9027582043501474,0.06666666666666667,9.08752192364664e-06,0.8733210423580328,0.743417539124107,0.7655084657469704,0.0,0.0,0.0003713330857779428,0.0,0.002635022170531366,0.2650096415123594,0.002635022170531366,0.004710371974584494,-0.00950926696962368,0.9333333333333333,2.7262565770939922e-05,0.5094520811962433,0.20327076507009964,0.029344707307125815,0.0,0.0,0.0011139992573338284,0.0
Bot-IoT,RANDOM_LINF,1,15,0.13242840766906738,0.15262508392333984,92.49927309733226,0.9488078796249182,0.9497485156318973,0.9488078796249182,0.9488634511994978,0.9027582043501474,0.06666666666666667,9.08752192364664e-06,0.8733210423580328,0.743417539124107,0.7655084657469704,0.0,0.0,0.0003713330857779428,0.0,0.023815148651595553,0.516321791297623,0.023815148651595553,0.04505165040401869,0.010534478208112827,1.0,0.0024354558755372998,0.5094489755647243,0.2011471697821682,0.030620077524384753,0.001644195988161789,0.0031270174306003875,0.006683995544002971,0.0
Bot-IoT,RANDOM_L2,1,15,0.13242840766906738,0.15334320068359375,93.08715562986116,0.9488078796249182,0.9497485156318973,0.9488078796249182,0.9488634511994978,0.9027582043501474,0.06666666666666667,9.08752192364664e-06,0.8733210423580328,0.743417539124107,0.7655084657469704,0.0,0.0,0.0003713330857779428,0.0,0.017936323326306607,0.5115772549366494,0.017936323326306607,0.03436329864677699,0.007802341931385384,1.0,0.0019356421697367344,0.5068957837886421,0.2006812491184311,0.023058307475633453,0.0016268886619706122,0.0021788250484183346,0.004084663943557371,0.0
Bot-IoT,FGSM,1,20,0.12729334831237793,0.1457991600036621,96.20465944610017,0.9655538998328124,0.9655470572165357,0.9655538998328124,0.9655415373217818,0.9338629953404936,0.06666666666666667,1.817504384729328e-05,0.879281081394554,0.7419635031391938,0.7662601590624741,0.0,0.0,0.0007426661715558856,0.0,0.0035073053718107147,0.5733306925609104,0.0035073053718107147,0.006950174697215445,0.0144249374578889,1.0,9.08752192364664e-06,0.5011557446151393,0.20066415036693197,0.0038481580947860193,0.0,0.0,0.0003713330857779428,0.0
Bot-IoT,RANDOM_LINF,1,20,0.12729334831237793,0.14577698707580566,96.26735480119211,0.9655538998328124,0.9655470572165357,0.9655538998328124,0.9655415373217818,0.9338629953404936,0.06666666666666667,1.817504384729328e-05,0.879281081394554,0.7419635031391938,0.7662601590624741,0.0,0.0,0.0007426661715558856,0.0,0.0028803518208911825,0.5929075037897222,0.0028803518208911825,0.005709270839187489,0.008126225697485476,1.0,9.996274116011305e-05,0.5011818639453476,0.20029012069883048,0.004229711036371897,6.92293047647069e-05,0.00014122014202711428,0.0,0.0
Bot-IoT,RANDOM_L2,1,20,0.12729334831237793,0.14990520477294922,96.38456785636403,0.9655538998328124,0.9655470572165357,0.9655538998328124,0.9655415373217818,0.9338629953404936,0.06666666666666667,1.817504384729328e-05,0.879281081394554,0.7419635031391938,0.7662601590624741,0.0,0.0,0.0007426661715558856,0.0,0.001708221269172058,0.4977699543704607,0.001708221269172058,0.0033848979503211577,0.0019097331087758287,1.0,4.5437609618233205e-05,0.5005352846588508,0.20005014893106937,0.002043337849407294,5.192197857353018e-05,4.034861200774693e-05,0.0,0.0
Bot-IoT,FGSM,2,5,0.2484269142150879,0.4522557258605957,56.9646361852148,0.8054172421312786,0.8069691657467084,0.8054172421312786,0.8041280125990059,0.6268120916467952,0.4666666666666667,0.0,0.7735144443810242,0.6001403040613015,0.6577192814062689,0.0,0.0,0.0,0.0,0.23577088027913062,0.23027319264239754,0.23577088027913062,0.21829181935605546,-0.194679139242782,1.0,0.004089384865640988,0.5136871162651154,0.1964489212723161,0.10842748724060078,0.001384586095294138,0.0074644932214331826,0.0,0.0
Bot-IoT,RANDOM_LINF,2,5,0.2484269142150879,0.6704607009887695,41.41437086574108,0.8054172421312786,0.8069691657467084,0.8054172421312786,0.8041280125990059,0.6268120916467952,0.4666666666666667,0.0,0.7735144443810242,0.6001403040613015,0.6577192814062689,0.0,0.0,0.0,0.0,0.39127353347386784,0.506353640047023,0.39127353347386784,0.41884884284847085,0.06278190967403259,0.9333333333333333,0.0030806699321162113,0.5814686560581918,0.21435916714780112,0.19642811037167093,0.0029249381263088663,0.0034094577146546157,0.0003713330857779428,0.0
Bot-IoT,RANDOM_L2,2,5,0.2484269142150879,0.6343271732330322,44.194773569819,0.8054172421312786,0.8069691657467084,0.8054172421312786,0.8041280125990059,0.6268120916467952,0.4666666666666667,0.0,0.7735144443810242,0.6001403040613015,0.6577192814062689,0.0,0.0,0.0,0.0,0.3634695064330886,0.4944799744008968,0.3634695064330886,0.39525596898411497,0.03956008797454278,1.0,0.0033351205459783173,0.5544683999627799,0.2081349068062876,0.17977165902592587,0.0031672406929853405,0.0035708521626856035,0.0025993316004456,0.0
Bot-IoT,FGSM,2,10,0.2539088726043701,0.738037109375,71.33005015628406,0.8257614305444501,0.8306474712708004,0.8257614305444501,0.8259757676374594,0.6713494605191218,0.13333333333333333,0.0,0.8180561513940111,0.6784554532174865,0.7140844672744788,0.0,0.0,0.0,0.0,0.11246092898160936,0.16805528460840094,0.11246092898160936,0.11193070749155871,-0.30528593617455946,0.9333333333333333,0.11683826937232486,0.4693642826118162,0.19436170871345626,0.06761844625352473,0.2053860399106942,0.019226113621691413,0.013739324173783884,0.0
Bot-IoT,RANDOM_LINF,2,10,0.2539088726043701,3.853639602661133,44.38104237842552,0.8257614305444501,0.8306474712708004,0.8257614305444501,0.8259757676374594,0.6713494605191218,0.13333333333333333,0.0,0.8180561513940111,0.6784554532174865,0.7140844672744788,0.0,0.0,0.0,0.0,0.38195100676019483,0.5037463559683417,0.38195100676019483,0.42650560589257697,0.04075873693345124,0.8,0.04494688343435629,0.5483581515848968,0.2067494330563052,0.1919364780493101,0.0391145571920594,0.0519286636539703,0.0415893056071296,0.0
Bot-IoT,RANDOM_L2,2,10,0.2539088726043701,2.463615894317627,47.13782074580213,0.8257614305444501,0.8306474712708004,0.8257614305444501,0.8259757676374594,0.6713494605191218,0.13333333333333333,0.0,0.8180561513940111,0.6784554532174865,0.7140844672744788,0.0,0.0,0.0,0.0,0.3543832230864287,0.48986625433905784,0.3543832230864287,0.40408536441553183,0.018575049809290065,0.8666666666666667,0.05675157441317327,0.5233061894912577,0.20279288931594958,0.17783218359254432,0.051921978573530175,0.06284296320206585,0.04827330115113257,0.0
Bot-IoT,FGSM,2,15,0.27063751220703125,0.2892131805419922,71.86341498873301,0.8420713091517046,0.8435564936820457,0.8420713091517046,0.8412273461809431,0.6974432805932473,0.13333333333333333,0.0,0.8218316800790108,0.6847898981060466,0.7199009762165967,0.0,0.0,0.0,0.0,0.1234371592643745,0.2605343305031162,0.1234371592643745,0.12554349924650068,-0.1425805370267723,0.8666666666666667,0.047982115756854266,0.4434034223394976,0.19100855038818937,0.069687553121441,0.06706588899080981,0.025117010974822464,0.05941329372447085,0.0
Bot-IoT,RANDOM_LINF,2,15,0.27063751220703125,0.2970387935638428,57.69153885294759,0.8420713091517046,0.8435564936820457,0.8420713091517046,0.8412273461809431,0.6974432805932473,0.13333333333333333,0.0,0.8218316800790108,0.6847898981060466,0.7199009762165967,0.0,0.0,0.0,0.0,0.2651559206222287,0.5164655589981907,0.2651559206222287,0.3307920370446893,0.03808596108786712,0.6666666666666666,0.07024654446978854,0.5322536076877807,0.2080037743790168,0.16268559305435265,0.05593727824988318,0.08513557133634603,0.1032305978462681,0.0
Bot-IoT,RANDOM_L2,2,15,0.27063751220703125,0.26230931282043457,63.32049138620339,0.8420713091517046,0.8435564936820457,0.8420713091517046,0.8412273461809431,0.6974432805932473,0.13333333333333333,0.0,0.8218316800790108,0.6847898981060466,0.7199009762165967,0.0,0.0,0.0,0.0,0.20886639528967071,0.49943985418664266,0.20886639528967071,0.28593350820903907,0.020279194196524523,0.6,0.07908870330149671,0.6148158902610869,0.2041290469230404,0.13851260265595416,0.07076965679572163,0.0871328276307295,0.10954326030449313,0.0
Bot-IoT,FGSM,2,20,0.2494955062866211,0.23017311096191406,86.96754379588573,0.8772533982699716,0.8776025559886246,0.8772533982699716,0.8769618548361174,0.7643638991193105,0.13333333333333333,9.08752192364664e-06,0.8365195109270793,0.6901697470734668,0.7282987171460169,0.0,0.0,0.0003713330857779428,0.0,0.007577960311114342,0.4084203772296647,0.007577960311114342,0.014590506903377294,-0.047487712266328676,1.0,0.11043156641615398,0.4977628258993446,0.2006656289623124,0.006817667294027471,0.20587064504404715,0.005144448030987734,0.0007426661715558856,0.0
Bot-IoT,RANDOM_LINF,2,20,0.2494955062866211,0.23066234588623047,82.40622955586247,0.8772533982699716,0.8776025559886246,0.8772533982699716,0.8769618548361174,0.7643638991193105,0.13333333333333333,9.08752192364664e-06,0.8365195109270793,0.6901697470734668,0.7282987171460169,0.0,0.0,0.0003713330857779428,0.0,0.05319110271134695,0.5109397211616248,0.05319110271134695,0.09204879839868096,0.015509040543099241,0.8,0.019792622749702383,0.5481973297248239,0.20287193819620247,0.0600407634252633,0.01796500458644144,0.021929470626210458,0.01968065354623097,0.0
Bot-IoT,RANDOM_L2,2,20,0.2494955062866211,0.22985363006591797,84.08719197499454,0.8772533982699716,0.8776025559886246,0.8772533982699716,0.8769618548361174,0.7643638991193105,0.13333333333333333,9.08752192364664e-06,0.8365195109270793,0.6901697470734668,0.7282987171460169,0.0,0.0,0.0003713330857779428,0.0,0.03638147852002617,0.5024622718764298,0.03638147852002617,0.06464635418845564,0.009212860318363998,0.9333333333333333,0.014540035077834626,0.5258672643888265,0.20114850014478516,0.041687807519436855,0.01320548988386784,0.01605874757908328,0.015224656516895656,0.0
Bot-IoT,FGSM,4,5,0.5095906257629395,0.749443531036377,83.3539289089191,0.9009867703714473,0.901386542221185,0.9009867703714473,0.9007672311134465,0.810053884442164,0.26666666666666666,0.0,0.8328243327463365,0.6884600517426431,0.7280289974570409,0.0,0.0,0.0,0.0,0.0674474812822563,0.3377579126770467,0.0674474812822563,0.06518721701219903,-0.1930914588127432,0.8666666666666667,0.0393580574513136,0.4920587364680255,0.19609879790417115,0.037681331951960204,0.060229495145295006,0.01222562943834732,0.09097660601559598,0.0
Bot-IoT,RANDOM_LINF,4,5,0.5095906257629395,0.9045462608337402,58.00683288507669,0.9009867703714473,0.901386542221185,0.9009867703714473,0.9007672311134465,0.810053884442164,0.26666666666666666,0.0,0.8328243327463365,0.6884600517426431,0.7280289974570409,0.0,0.0,0.0,0.0,0.3209184415206804,0.5102385736874506,0.3209184415206804,0.3708837562610436,0.0543468806581205,0.9333333333333333,0.009214747230577693,0.5687202912110587,0.20983880337735097,0.16930500394052211,0.007286384326485401,0.011277437056165268,0.012625324916450055,0.0
Bot-IoT,RANDOM_L2,4,5,0.5095906257629395,0.8918814659118652,60.437413680308204,0.9009867703714473,0.901386542221185,0.9009867703714473,0.9007672311134465,0.810053884442164,0.26666666666666666,0.0,0.8328243327463365,0.6884600517426431,0.7280289974570409,0.0,0.0,0.0,0.0,0.2966126335683652,0.4992067464906031,0.2966126335683652,0.3481175714490262,0.039652399755767787,0.8666666666666667,0.008705846002853481,0.5641328850238898,0.2068768602333607,0.15796146092915433,0.007511379566970699,0.010127501613944481,0.008169327887114742,0.0
Bot-IoT,FGSM,4,10,0.4458441734313965,0.532686710357666,62.8979792105837,0.9074107726975358,0.9078251037455409,0.9074107726975358,0.9074801776487108,0.8228019577461413,0.13333333333333333,0.0,0.8497384761973532,0.7190251287054812,0.7474522796956278,0.0,0.0,0.0,0.0,0.2784309805916988,0.31487589327354987,0.2784309805916988,0.2814038119529647,-0.09567548281927159,0.9333333333333333,0.07095537117983297,0.4981327650751413,0.19652275202268032,0.12425087084045083,0.01808615586977968,0.12120723047127178,0.28035647976234684,0.0
Bot-IoT,RANDOM_LINF,4,10,0.4458441734313965,2.7224032878875732,47.563058806425815,0.9074107726975358,0.9078251037455409,0.9074107726975358,0.9074801776487108,0.8228019577461413,0.13333333333333333,0.0,0.8497384761973532,0.7190251287054812,0.7474522796956278,0.0,0.0,0.0,0.0,0.4317801846332776,0.5128840593109841,0.4317801846332776,0.46051075480279985,0.06745095322986112,0.6,0.023227706036840812,0.6033842495803364,0.2158623666611727,0.21978348700323105,0.019886117793662058,0.0243302130406714,0.0746379502413665,0.0
Bot-IoT,RANDOM_L2,4,10,0.4458441734313965,1.9977777004241943,51.11579559496984,0.9074107726975358,0.9078251037455409,0.9074107726975358,0.9074801776487108,0.8228019577461413,0.13333333333333333,0.0,0.8497384761973532,0.7190251287054812,0.7474522796956278,0.0,0.0,0.0,0.0,0.39625281674783747,0.4999142233469538,0.39625281674783747,0.4343029835585809,0.041073534672517814,0.7333333333333333,0.026735489499368416,0.5674757096629482,0.20786894581671328,0.19878081342508142,0.024195642015265063,0.028183505487411234,0.05458596360935759,0.0
Bot-IoT,FGSM,4,15,0.43453216552734375,0.38193821907043457,82.78512757141819,0.9433288507668823,0.9439474748809724,0.9433288507668823,0.9432026796236753,0.8916516191954671,0.13333333333333333,9.08752192364664e-06,0.8631614466297147,0.7265746708287505,0.7556751443006348,0.0,0.0,0.0003713330857779428,0.0,0.11547757505270044,0.5254270543857134,0.11547757505270044,0.1740045677659413,-0.015941405533819588,0.4666666666666667,0.11908288728746558,0.5167402762470884,0.21062407738881608,0.08590914561773703,0.13271257723394314,0.10169867656552614,0.14667656888228742,0.0
Bot-IoT,RANDOM_LINF,4,15,0.43453216552734375,0.683746337890625,69.07756051464709,0.9433288507668823,0.9439474748809724,0.9433288507668823,0.9432026796236753,0.8916516191954671,0.13333333333333333,9.08752192364664e-06,0.8631614466297147,0.7265746708287505,0.7556751443006348,0.0,0.0,0.0003713330857779428,0.0,0.2525532456204114,0.5087156033934915,0.2525532456204114,0.3220239240093098,0.034436067924927656,0.6666666666666666,0.1099862778418953,0.5493061490814092,0.20683681203388785,0.15257744929823563,0.10348050329704564,0.11624435119431892,0.1344225770516153,0.0
Bot-IoT,RANDOM_L2,4,15,0.43453216552734375,0.5331437587738037,71.67805480846114,0.9433288507668823,0.9439474748809724,0.9433288507668823,0.9432026796236753,0.8916516191954671,0.13333333333333333,9.08752192364664e-06,0.8631614466297147,0.7265746708287505,0.7556751443006348,0.0,0.0,0.0003713330857779428,0.0,0.22654830268227083,0.4980531705035878,0.22654830268227083,0.2978823695902766,0.02273530982209396,0.9333333333333333,0.09908125153351932,0.507454950071444,0.2042497548065564,0.13971672349628186,0.09375378597760432,0.10436168495803744,0.1162272558484961,0.0
Bot-IoT,FGSM,4,20,0.42972540855407715,0.343761682510376,93.82859635094862,0.9654993821327325,0.9654951188487005,0.9654993821327325,0.9654967502719642,0.933778690877079,0.06666666666666667,9.08752192364664e-06,0.8794395649206701,0.7529703055959674,0.7723363384663136,0.0,0.0,0.0003713330857779428,0.0,0.027213418623246347,0.2713827044046511,0.027213418623246347,0.02320235702918163,-0.06406700496160067,0.8666666666666667,0.0029716196690324514,0.5769297237856312,0.21175960305354366,0.04946341247106737,0.004430675504941242,0.0005850548741123306,0.015595989602673598,0.0
Bot-IoT,RANDOM_LINF,4,20,0.42972540855407715,0.3641357421875,86.1134331612997,0.9654993821327325,0.9654951188487005,0.9654993821327325,0.9654967502719642,0.933778690877079,0.06666666666666667,9.08752192364664e-06,0.8794395649206701,0.7529703055959674,0.7723363384663136,0.0,0.0,0.0003713330857779428,0.0,0.10436505051973541,0.5006565356711852,0.10436505051973541,0.16098818195872353,0.01998050270910311,0.7333333333333333,0.026117538008560447,0.5898648116762815,0.20480729004944567,0.08946161370909346,0.024091798058118,0.025500322788896062,0.08095061269959153,0.0
Bot-IoT,RANDOM_L2,4,20,0.42972540855407715,0.36066746711730957,88.92018608708294,0.9654993821327325,0.9654951188487005,0.9654993821327325,0.9654967502719642,0.933778690877079,0.06666666666666667,9.08752192364664e-06,0.8794395649206701,0.7529703055959674,0.7723363384663136,0.0,0.0,0.0003713330857779428,0.0,0.07629752126190303,0.49424476650641,0.07629752126190303,0.12471376679032481,0.011714533380695068,1.0,0.022773329940658484,0.44116362549206667,0.2021449496927347,0.06873064233967288,0.021270703888956195,0.022655745642349904,0.05718529520980319,0.0
Bot-IoT,FGSM,8,5,1.1714978218078613,1.672785758972168,95.14519880787961,0.9993730464490804,0.9993640692325829,0.9993730464490804,0.999367872950875,0.9987965526612766,0.13333333333333333,0.0,0.8863925625414154,0.7726707916608326,0.7853201679318368,0.0,0.0,0.0,0.0,0.047921058370284215,0.390429574319079,0.047921058370284215,0.04757183640713786,-0.3190458573847178,0.8666666666666667,0.005716051289973737,0.47013148014226014,0.20367412988388525,0.03412512901449057,0.0021807231000882674,0.004519044544867657,0.10360193093204605,0.0
Bot-IoT,RANDOM_LINF,8,5,1.1714978218078613,1.7414777278900146,71.38184197136003,0.9993730464490804,0.9993640692325829,0.9993730464490804,0.999367872950875,0.9987965526612766,0.13333333333333333,0.0,0.8863925625414154,0.7726707916608326,0.7853201679318368,0.0,0.0,0.0,0.0,0.2855546267354801,0.4801005376980576,0.2855546267354801,0.3254317377647696,0.034714237173904636,0.9333333333333333,0.0034532583309857235,0.5604785379504649,0.2065381948706138,0.14779205156226158,0.0028730161477353365,0.004196255648805681,0.0022279985146676567,0.0
Bot-IoT,RANDOM_L2,8,5,1.1714978218078613,1.654879093170166,73.11459620556808,0.9993730464490804,0.9993640692325829,0.9993730464490804,0.999367872950875,0.9987965526612766,0.13333333333333333,0.0,0.8863925625414154,0.7726707916608326,0.7853201679318368,0.0,0.0,0.0,0.0,0.2682270843933997,0.4822627214557235,0.2682270843933997,0.31329645493942593,0.02872794424053547,0.9333333333333333,0.0038167592079315893,0.5535010472687149,0.2050835906761698,0.1417128993199989,0.0030460894096471037,0.004841833440929632,0.0014853323431117712,0.0
Bot-IoT,FGSM,8,10,0.8994863033294678,2.798367738723755,87.33008650141747,0.9997637566329869,0.9997547105519622,0.9997637566329869,0.9997585699990689,0.9995465077822121,0.13333333333333333,0.0,0.8865413507121671,0.7729148297510224,0.7854813293977855,0.0,0.0,0.0,0.0,0.12646289161881225,0.37175711697898384,0.12646289161881225,0.16423064211193822,-0.1837408680866994,0.7333333333333333,0.05248043910905935,0.5099165751785658,0.21192977614582528,0.08631294647372353,0.04851243531386836,0.053704002582311165,0.11511325659116227,0.0
Bot-IoT,RANDOM_LINF,8,10,0.8994863033294678,1.3651893138885498,58.381187758959086,0.9997637566329869,0.9997547105519622,0.9997637566329869,0.9997585699990689,0.9995465077822121,0.13333333333333333,0.0,0.8865413507121671,0.7729148297510224,0.7854813293977855,0.0,0.0,0.0,0.0,0.4159518790433961,0.5125818430160094,0.4159518790433961,0.4471601024007434,0.07168029050497875,0.6,0.029916122172644742,0.618245973997692,0.21934867887128123,0.21613676388005057,0.024005261427162118,0.036535668173014846,0.034905310063126624,0.0
Bot-IoT,RANDOM_L2,8,10,0.8994863033294678,1.211956262588501,61.86850330740714,0.9997637566329869,0.9997547105519622,0.9997637566329869,0.9997585699990689,0.9995465077822121,0.13333333333333333,0.0,0.8865413507121671,0.7729148297510224,0.7854813293977855,0.0,0.0,0.0,0.0,0.3810787235589155,0.5028617260718027,0.3810787235589155,0.421533309833177,0.04980839261246616,0.6,0.03248789087703674,0.5958806211838976,0.21088059415626978,0.195895184843315,0.027951331798750412,0.03754438347320852,0.03676197549201634,0.0
Bot-IoT,FGSM,8,15,0.9083280563354492,2.6127614974975586,78.29377771316422,0.9997183252162536,0.9997092657738063,0.9997183252162536,0.9997131395304986,0.9994592826322309,0.13333333333333333,0.0,0.8865244309467041,0.7728864413232583,0.7854625891887644,0.0,0.0,0.0,0.0,0.21678054808461147,0.30301711777461143,0.21678054808461147,0.23187682111794358,-0.22639744982548032,0.8666666666666667,0.014739960560154851,0.4559718545128481,0.18408452730551272,0.101092191677251,0.0036691531525294657,0.028022111039380244,0.007797994801336799,0.0
Bot-IoT,RANDOM_LINF,8,15,0.9083280563354492,2.3326122760772705,53.78534564221851,0.9997183252162536,0.9997092657738063,0.9997183252162536,0.9997131395304986,0.9994592826322309,0.13333333333333333,0.0,0.8865244309467041,0.7728864413232583,0.7854625891887644,0.0,0.0,0.0,0.0,0.46186486879406846,0.5185137454277392,0.46186486879406846,0.4629802480335323,0.07892598111738194,0.8,0.018574894811933734,0.5875091346600181,0.2192555014507694,0.22383670882524057,0.017878467955485557,0.01960942543576501,0.014481990345339769,0.0
Bot-IoT,RANDOM_L2,8,15,0.9083280563354492,1.765399694442749,60.2293377916697,0.9997183252162536,0.9997092657738063,0.9997183252162536,0.9997131395304986,0.9994592826322309,0.13333333333333333,0.0,0.8865244309467041,0.7728864413232583,0.7854625891887644,0.0,0.0,0.0,0.0,0.3974249472995566,0.49940950245371035,0.3974249472995566,0.42536840302827217,0.040230355594100334,0.9333333333333333,0.03069764905807835,0.5451061577812653,0.20773704417890865,0.1934512828832204,0.031101265165544574,0.030584247901872176,0.024136650575566285,0.0
Bot-IoT,FGSM,8,20,0.8396267890930176,0.6997878551483154,89.61619539143709,0.9998091880497202,0.9998001041743187,0.9998091880497202,0.999804645889441,0.9996337070598112,0.06666666666666667,9.08752192364664e-06,0.893192743784758,0.773831968017548,0.7864523977049993,0.0,0.0,0.0003713330857779428,0.0,0.10364723413534928,0.25201378243835587,0.10364723413534928,0.11007656233537327,-0.14109681952587322,0.9333333333333333,0.010096236857171419,0.47211448968973285,0.19843532431908886,0.07613332708057985,0.01690925768877966,0.001956907682375726,0.013739324173783884,0.0
Bot-IoT,RANDOM_LINF,8,20,0.8396267890930176,0.7929301261901855,73.60343824961838,0.9998091880497202,0.9998001041743187,0.9998091880497202,0.999804645889441,0.9996337070598112,0.06666666666666667,9.08752192364664e-06,0.893192743784758,0.773831968017548,0.7864523977049993,0.0,0.0,0.0003713330857779428,0.0,0.2637748055535364,0.5098901843159127,0.2637748055535364,0.3359081658414829,0.040799623564691107,0.8666666666666667,0.032387928135876626,0.5296829478045578,0.21163227172424057,0.16950272429316632,0.030374357465515152,0.03389283408650742,0.04790196806535462,0.0
Bot-IoT,RANDOM_L2,8,20,0.8396267890930176,0.75522780418396,78.46005669840808,0.9998091880497202,0.9998001041743187,0.9998091880497202,0.999804645889441,0.9996337070598112,0.06666666666666667,9.08752192364664e-06,0.893192743784758,0.773831968017548,0.7864523977049993,0.0,0.0,0.0003713330857779428,0.0,0.21520862106563932,0.4977012338300377,0.21520862106563932,0.2895832795607695,0.02375738823674961,0.9333333333333333,0.03194263956161794,0.49782358949084315,0.20561579792919865,0.14203608023540676,0.03001090361550044,0.03328760490639122,0.04864463423691051,0.0
Bot-IoT,FGSM,10,5,1.213165283203125,1.8291103839874268,86.46416369848077,0.9238569455549902,0.9247333246222078,0.9238569455549902,0.9236387772348855,0.8544190242142868,0.13333333333333333,0.0,0.8552421035876794,0.7280031132464202,0.7540516659298618,0.0,0.0,0.0,0.0,0.05921530857018245,0.4298259699047315,0.05921530857018245,0.06690869922058791,-0.29119074556202584,0.8666666666666667,0.006506665697330995,0.4769580986648725,0.20662208787709377,0.042746228576098014,6.92293047647069e-05,0.008331988379599743,0.1110285926476049,0.0
Bot-IoT,RANDOM_LINF,10,5,1.213165283203125,2.007396697998047,64.98691575198082,0.9238569455549902,0.9247333246222078,0.9238569455549902,0.9236387772348855,0.8544190242142868,0.13333333333333333,0.0,0.8552421035876794,0.7280031132464202,0.7540516659298618,0.0,0.0,0.0,0.0,0.2739877880351821,0.5128085449027344,0.2739877880351821,0.33495011190582946,0.05111730691425925,0.8,0.0035804836379167765,0.5743526426085956,0.2083080126130536,0.15459324593307902,0.002474947645338272,0.004841833440929632,0.004084663943557371,0.0
Bot-IoT,RANDOM_L2,10,5,1.213165283203125,2.0314271450042725,67.410227520535,0.9238569455549902,0.9247333246222078,0.9238569455549902,0.9236387772348855,0.8544190242142868,0.13333333333333333,0.0,0.8552421035876794,0.7280031132464202,0.7540516659298618,0.0,0.0,0.0,0.0,0.2497546703496402,0.5102361061171,0.2497546703496402,0.31030928592134954,0.04458976410872668,1.0,0.003689533901000536,0.5468597933146901,0.20646280747740745,0.1397874584938647,0.0031845480191765173,0.004418173014848289,0.0011139992573338284,0.0
Bot-IoT,FGSM,10,10,1.1408841609954834,1.1215183734893799,78.15930071963363,0.9582757868721378,0.9587765536322647,0.9582757868721378,0.9581958075545095,0.9202874787608284,0.13333333333333333,0.0,0.8693335474864299,0.7478259688365424,0.7683469752675547,0.0,0.0,0.0,0.0,0.1766827796758014,0.4971158086720378,0.1766827796758014,0.23548892342797834,-0.07775615362993402,0.8666666666666667,0.009378322625203333,0.5236742270326233,0.22626279192010842,0.11628581198377667,0.005797954274044203,0.008957391865719819,0.09394727070181953,0.0
Bot-IoT,RANDOM_LINF,10,10,1.1408841609954834,1.23305344581604,58.804608562913415,0.9582757868721378,0.9587765536322647,0.9582757868721378,0.9581958075545095,0.9202874787608284,0.13333333333333333,0.0,0.8693335474864299,0.7478259688365424,0.7683469752675547,0.0,0.0,0.0,0.0,0.3702297012430036,0.5376411872028491,0.3702297012430036,0.42367173489307863,0.0886175930542817,0.9333333333333333,0.009750911024072845,0.5843954053266042,0.2166177393243053,0.19675507836364545,0.00856712646463248,0.011358134280180761,0.005569996286669142,0.0
Bot-IoT,RANDOM_L2,10,10,1.1408841609954834,1.1937110424041748,61.98662499091372,0.9582757868721378,0.9587765536322647,0.9582757868721378,0.9581958075545095,0.9202874787608284,0.13333333333333333,0.0,0.8693335474864299,0.7478259688365424,0.7683469752675547,0.0,0.0,0.0,0.0,0.33840953696300063,0.5227514527791731,0.33840953696300063,0.3958090917144441,0.06530254869691723,0.9333333333333333,0.011268527185321835,0.568483162277513,0.21136952668027642,0.18136110469653371,0.010851693521867807,0.012023886378308587,0.0063126624582250275,0.0
Bot-IoT,FGSM,10,15,1.0748369693756104,1.8697762489318848,68.98669768118049,0.96417278476412,0.9646036342130501,0.96417278476412,0.9641102970372836,0.9315621414379973,0.06666666666666667,0.0,0.8784174103096601,0.7647186822764069,0.7782143737424699,0.0,0.0,0.0,0.0,0.2743058079523152,0.6268320891434614,0.2743058079523152,0.3049254761099024,-0.025637244215122937,0.8666666666666667,0.008242382384747502,0.5460607639765916,0.20726998349102765,0.14163463444442778,0.0007096003738382457,0.01525177533892834,0.04084663943557371,0.0
Bot-IoT,RANDOM_LINF,10,15,1.0748369693756104,2.8479888439178467,51.40201352038962,0.96417278476412,0.9646036342130501,0.96417278476412,0.9641102970372836,0.9315621414379973,0.06666666666666667,0.0,0.8784174103096601,0.7647186822764069,0.7782143737424699,0.0,0.0,0.0,0.0,0.4501526495602239,0.5411839441149171,0.4501526495602239,0.48243077426756603,0.10709154720859296,0.8666666666666667,0.010287074817567998,0.5909390941406828,0.22171507979763874,0.228716424397078,0.00972671731944132,0.01053098773402195,0.017823988117341254,0.0
Bot-IoT,RANDOM_L2,10,15,1.0748369693756104,2.115596294403076,56.063276877226144,0.96417278476412,0.9646036342130501,0.96417278476412,0.9641102970372836,0.9315621414379973,0.06666666666666667,0.0,0.8784174103096601,0.7647186822764069,0.7782143737424699,0.0,0.0,0.0,0.0,0.4035400159918587,0.518443467605962,0.4035400159918587,0.444232523810132,0.06506357748392148,0.8666666666666667,0.01768431766341636,0.5639100918467249,0.21141104125720783,0.20309784723382746,0.017203482234029666,0.01827792123950936,0.01708132194578537,0.0
Bot-IoT,FGSM,10,20,1.0765247344970703,0.8165707588195801,86.18794068474232,0.9704604928400087,0.9707993106299563,0.9704604928400087,0.9704152336386823,0.9435659433975596,0.06666666666666667,9.08752192364664e-06,0.8809403728951295,0.7558887338479541,0.7743149658947089,0.0,0.0,0.0003713330857779428,0.0,0.10858108599258559,0.24523168253978114,0.10858108599258559,0.1455700897093086,-0.1571672859786178,0.9333333333333333,0.017002753519142867,0.43871662370746833,0.19621579569388964,0.09447952056994421,0.013915090257706087,0.016381536475145255,0.09468993687337542,0.0
Bot-IoT,RANDOM_LINF,10,20,1.0765247344970703,0.9695801734924316,70.47139638002471,0.9704604928400087,0.9707993106299563,0.9704604928400087,0.9704152336386823,0.9435659433975596,0.06666666666666667,9.08752192364664e-06,0.8809403728951295,0.7558887338479541,0.7743149658947089,0.0,0.0,0.0003713330857779428,0.0,0.2657465290397616,0.509948700555987,0.2657465290397616,0.3367177327780662,0.04296198846929473,0.8666666666666667,0.04824565389264002,0.6388871868098155,0.21314781552129908,0.17051225013295038,0.04451444296370654,0.053562782440284055,0.030449313033791312,0.0
Bot-IoT,RANDOM_L2,10,20,1.0765247344970703,0.9206423759460449,74.71196481791088,0.9704604928400087,0.9707993106299563,0.9704604928400087,0.9704152336386823,0.9435659433975596,0.06666666666666667,9.08752192364664e-06,0.8809403728951295,0.7558887338479541,0.7743149658947089,0.0,0.0,0.0003713330857779428,0.0,0.2233408446608999,0.5014393241007058,0.2233408446608999,0.2994213077970339,0.026900773700155832,0.9333333333333333,0.045092283785134635,0.5011754680870856,0.20637843301396278,0.14639156081283516,0.0428356323231624,0.047813105229180114,0.04344597103601931,0.0
Bot-IoT,FGSM,16,5,13.21525749983266,0.4090100999455899,88.16602456931018,0.9609380678927092,0.9609647423798221,0.9609380678927092,0.9609120002032627,0.9250175951606936,0.13333333333333333,0.0,0.870764869268358,0.749355248346774,0.769484275715794,0.0,0.0,0.0,0.0,0.07927782219960747,0.4490800834446727,0.07927782219960747,0.10468748070628746,-0.18855631753502874,1.0,0.011786515934969693,0.4706181570275003,0.2098727341160905,0.05584249793509829,0.0013672787691029612,0.014222885732730794,0.19049387300408466,0.0
Bot-IoT,RANDOM_LINF,16,5,13.21525749983266,0.42033879994414747,68.97942865450317,0.9609380678927092,0.9609647423798221,0.9609380678927092,0.9609120002032627,0.9250175951606936,0.13333333333333333,0.0,0.870764869268358,0.749355248346774,0.769484275715794,0.0,0.0,0.0,0.0,0.2711437813476775,0.5169030321391022,0.2711437813476775,0.318708637829179,0.056022672931580315,0.9333333333333333,0.0028989194936432784,0.5600688714409021,0.20823882395993584,0.143597709350396,0.002578791602485332,0.003328760490639122,0.001856665428889714,0.0
Bot-IoT,RANDOM_L2,16,5,13.21525749983266,0.4168732997495681,70.84029948389912,0.9609380678927092,0.9609647423798221,0.9609380678927092,0.9609120002032627,0.9250175951606936,0.13333333333333333,0.0,0.870764869268358,0.749355248346774,0.769484275715794,0.0,0.0,0.0,0.0,0.2525350730537181,0.5060964733167755,0.2525350730537181,0.2954929248066272,0.044988401507702246,0.9333333333333333,0.002962532147108805,0.5523508328718167,0.20631979453355095,0.13249216613028061,0.0025614842762941552,0.0034901549386701096,0.001856665428889714,0.0
Bot-IoT,FGSM,16,10,13.118054399965331,0.3240240002050996,77.38151486515956,0.9578941629715781,0.9592626731441573,0.9578941629715781,0.9577564411681617,0.9203129877293532,0.13333333333333333,0.0,0.8688652417734346,0.7477250294487908,0.768151041745136,0.0,0.0,0.0,0.0,0.18407901431998255,0.4980873925067899,0.18407901431998255,0.2536702753406766,-0.05742258686980666,0.9333333333333333,0.046455412073681625,0.4887658997460945,0.2228566533990204,0.11826109779859392,0.022707211962823864,0.05406714009038089,0.41589305607129595,0.0
Bot-IoT,RANDOM_LINF,16,10,13.118054399965331,0.34927099966444075,58.03227447844734,0.9578941629715781,0.9592626731441573,0.9578941629715781,0.9577564411681617,0.9203129877293532,0.13333333333333333,0.0,0.8688652417734346,0.7477250294487908,0.768151041745136,0.0,0.0,0.0,0.0,0.37757141818710477,0.5173885841847109,0.37757141818710477,0.42192625532070416,0.07030052076641484,0.6,0.008460482910915022,0.6150817277289035,0.21528925152927925,0.19923711798388552,0.006472939995500095,0.010087153001936734,0.02116598588934274,0.0
Bot-IoT,RANDOM_L2,16,10,13.118054399965331,0.33962949994020164,59.356145962055685,0.9578941629715781,0.9592626731441573,0.9578941629715781,0.9577564411681617,0.9203129877293532,0.13333333333333333,0.0,0.8688652417734346,0.7477250294487908,0.768151041745136,0.0,0.0,0.0,0.0,0.3643327033510213,0.5055150016929922,0.3643327033510213,0.40882193166781083,0.05283867160990762,0.8666666666666667,0.011404840014176534,0.5746703554411352,0.21072177399262645,0.18871082147244714,0.009865175928970734,0.012548418334409296,0.023393984404010398,0.0
Bot-IoT,FGSM,16,15,12.598037700168788,0.3669465999118984,75.71418187104747,0.9773024642000436,0.9773679549695331,0.9773024642000436,0.9772835162443507,0.9564782584636117,0.13333333333333333,9.08752192364664e-06,0.8772548107678215,0.7466477149278068,0.7697674998802996,0.0,0.0,0.0003713330857779428,0.0,0.22016064548956896,0.5048939324824356,0.22016064548956896,0.272455593515823,-0.13326110435032848,0.9333333333333333,0.05557019656309921,0.47544499819797137,0.20179129411482982,0.12260597523471069,0.07615223524117759,0.024935442220787606,0.1778685480876346,0.0
Bot-IoT,RANDOM_LINF,16,15,12.598037700168788,0.5074367998167872,53.152940321290984,0.9773024642000436,0.9773679549695331,0.9773024642000436,0.9772835162443507,0.9564782584636117,0.13333333333333333,9.08752192364664e-06,0.8772548107678215,0.7466477149278068,0.7697674998802996,0.0,0.0,0.0003713330857779428,0.0,0.4457730609871338,0.5184057262368849,0.4457730609871338,0.4697556841916824,0.08104625320379785,0.6666666666666666,0.012822493434265411,0.6108478816420506,0.2210010179383643,0.22878601817271785,0.01088630817425016,0.014041316978695933,0.03193464537690308,0.0
Bot-IoT,RANDOM_L2,16,15,12.598037700168788,0.45175690040923655,57.42531075089046,0.9773024642000436,0.9773679549695331,0.9773024642000436,0.9772835162443507,0.9564782584636117,0.13333333333333333,9.08752192364664e-06,0.8772548107678215,0.7466477149278068,0.7697674998802996,0.0,0.0,0.0003713330857779428,0.0,0.40304935669113906,0.5050360675271941,0.40304935669113906,0.43942189000768084,0.05143154380894865,0.8666666666666667,0.023463981606855627,0.5653220235468943,0.21070177160226522,0.20389401338663227,0.02251683137472092,0.024128469980632665,0.03156331229112514,0.0
Bot-IoT,FGSM,16,20,12.556796899996698,0.3876206995919347,88.28596350948608,0.9901413825688741,0.9901389507010182,0.9901413825688741,0.9901375546866215,0.9810837266623056,0.13333333333333333,9.08752192364664e-06,0.8827191811481814,0.7545679857646845,0.7751110849033986,0.0,0.0,0.0003713330857779428,0.0,0.10728174747401323,0.5205121526033843,0.10728174747401323,0.1622901719581963,-0.03925891499833771,1.0,0.0722276242491435,0.4570672226705031,0.21251831543423502,0.08600019237064252,0.06775818203845688,0.052695287282117496,0.5276643148904567,0.0
Bot-IoT,RANDOM_LINF,16,20,12.556796899996698,0.4374241998884827,72.30864287271935,0.9901413825688741,0.9901389507010182,0.9901413825688741,0.9901375546866215,0.9810837266623056,0.13333333333333333,9.08752192364664e-06,0.8827191811481814,0.7545679857646845,0.7751110849033986,0.0,0.0,0.0003713330857779428,0.0,0.2670549538416806,0.512724069887526,0.2670549538416806,0.33503710024260275,0.04650432170332025,0.7333333333333333,0.06277660144855099,0.5680866742014115,0.211071534045078,0.16115409553491702,0.06035064642863324,0.06526387992253066,0.06906795395469736,0.0
Bot-IoT,RANDOM_L2,16,20,12.556796899996698,0.4085272999946028,76.96808897288653,0.9901413825688741,0.9901389507010182,0.9901413825688741,0.9901375546866215,0.9810837266623056,0.13333333333333333,9.08752192364664e-06,0.8827191811481814,0.7545679857646845,0.7751110849033986,0.0,0.0,0.0003713330857779428,0.0,0.2204604928400087,0.5014832123435711,0.2204604928400087,0.29047677631237234,0.029847915969805988,0.8666666666666667,0.05833280322788779,0.5316520459089044,0.2064176176448908,0.1383417346010122,0.05597189290226553,0.05987734021949645,0.08057927961381359,0.0
Bot-IoT,FGSM,32,5,26.64608269999735,0.8180561999324709,93.2761503234717,0.9661081631169587,0.9661040585957417,0.9661081631169587,0.9660931368600688,0.9349292048728157,0.13333333333333333,0.0,0.872928007191366,0.7524309465520196,0.7716256066743665,0.0,0.0,0.0,0.0,0.033346659882241766,0.3524965098815596,0.033346659882241766,0.028736564703417677,-0.22329244969974532,0.9333333333333333,0.020683199898219755,0.459852232824591,0.19961461015268953,0.020629233200360607,0.0038595337406324096,0.026690606843124597,0.27107315261789827,0.0
Bot-IoT,RANDOM_LINF,32,5,26.64608269999735,0.8603132998105139,71.7116740568438,0.9661081631169587,0.9661040585957417,0.9661081631169587,0.9660931368600688,0.9349292048728157,0.13333333333333333,0.0,0.872928007191366,0.7524309465520196,0.7716256066743665,0.0,0.0,0.0,0.0,0.24899142254852075,0.5412885885900652,0.24899142254852075,0.31792715150739065,0.06692161869613168,0.9333333333333333,0.002753519142864932,0.5581547897078345,0.20931013228852707,0.1446440548325154,0.002198030426279444,0.0035103292446739833,0.0007426661715558856,0.0
Bot-IoT,RANDOM_L2,32,5,26.64608269999735,0.8390910997986794,73.66249909137167,0.9661081631169587,0.9661040585957417,0.9661081631169587,0.9660931368600688,0.9349292048728157,0.13333333333333333,0.0,0.872928007191366,0.7524309465520196,0.7716256066743665,0.0,0.0,0.0,0.0,0.229483172203242,0.5184757193970886,0.229483172203242,0.29233176318263343,0.04776283208593198,0.9333333333333333,0.0031261075417344446,0.5495592663211035,0.206404310964247,0.13253375521193117,0.002474947645338272,0.003974338282763073,0.0014853323431117712,0.0
Bot-IoT,FGSM,32,10,26.099172600079328,0.6873637002427131,90.23497128734462,0.9711328778076616,0.9711414148283237,0.9711328778076616,0.971117241519827,0.9445851534760078,0.13333333333333333,0.0,0.8748890481754998,0.7553675138031795,0.7736624410337096,0.0,0.0,0.0,0.0,0.06878316493421531,0.20835237750545124,0.06878316493421531,0.08238465018412054,-0.29002977570546595,0.9333333333333333,0.026390163666269846,0.4540665508430842,0.1988300232545926,0.047326023657761306,0.00808252133127953,0.03516381536475145,0.2577051615298923,0.0
Bot-IoT,RANDOM_LINF,32,10,26.099172600079328,0.7015396999195218,55.78160209347969,0.9711328778076616,0.9711414148283237,0.9711328778076616,0.971117241519827,0.9445851534760078,0.13333333333333333,0.0,0.8748890481754998,0.7553675138031795,0.7736624410337096,0.0,0.0,0.0,0.0,0.41331685687286474,0.5386371959695224,0.41331685687286474,0.45461473693037646,0.10122206376720963,0.9333333333333333,0.00343508328713843,0.5950403348209752,0.22117535064382238,0.21493050255811705,0.0027864795167794527,0.00407520981278244,0.005569996286669142,0.0
Bot-IoT,RANDOM_L2,32,10,26.099172600079328,0.6907634001690894,59.68325216253544,0.9711328778076616,0.9711414148283237,0.9711328778076616,0.971117241519827,0.9445851534760078,0.13333333333333333,0.0,0.8748890481754998,0.7553675138031795,0.7736624410337096,0.0,0.0,0.0,0.0,0.37430035618230717,0.5189165041280508,0.37430035618230717,0.4216075811910221,0.06961933422391559,1.0,0.004198435128724748,0.5702413082748418,0.21365742929426085,0.195029868341291,0.0036691531525294657,0.004680438992898645,0.006683995544002971,0.0
Bot-IoT,FGSM,32,15,25.94204290001653,0.6797703001648188,78.42916333502944,0.9801646434542415,0.9802708195397749,0.9801646434542415,0.9801447391370873,0.9620098938284625,0.13333333333333333,0.0,0.8784372576690338,0.7609108321811004,0.7774204257291116,0.0,0.0,0.0,0.0,0.1958730101039471,0.4669264075629432,0.1958730101039471,0.2592697274791431,-0.05885499677363086,1.0,0.029952472260339327,0.4994847382341547,0.2309618684520561,0.12487963277037921,0.01696117966735319,0.034074402840542285,0.23282584478277016,0.0
Bot-IoT,RANDOM_LINF,32,15,25.94204290001653,0.7596358000300825,54.54495892999927,0.9801646434542415,0.9802708195397749,0.9801646434542415,0.9801447391370873,0.9620098938284625,0.13333333333333333,0.0,0.8784372576690338,0.7609108321811004,0.7774204257291116,0.0,0.0,0.0,0.0,0.43471505415424877,0.5243970171629111,0.43471505415424877,0.46547698664201687,0.08717354913181057,0.7333333333333333,0.01049608782181187,0.6074825701653906,0.2208147091018426,0.2244752787372975,0.007580608871735405,0.0121651065203357,0.04233197177868548,0.0
Bot-IoT,RANDOM_L2,32,15,25.94204290001653,0.8047215000260621,57.83419350149015,0.9801646434542415,0.9802708195397749,0.9801646434542415,0.9801447391370873,0.9620098938284625,0.13333333333333333,0.0,0.8784372576690338,0.7609108321811004,0.7774204257291116,0.0,0.0,0.0,0.0,0.40182270843934,0.5107373762212924,0.40182270843934,0.440686693990511,0.05980130919035967,0.8666666666666667,0.017575267400332602,0.5715217138000752,0.2122131397842463,0.20502495207188492,0.0147977638934561,0.019468205293737894,0.04233197177868548,0.0
Bot-IoT,FGSM,32,20,25.787288299994543,0.7638407999183983,90.9246201933561,0.9774478447335901,0.9779185840755903,0.9774478447335901,0.9774068001968755,0.9571101518530596,0.13333333333333333,0.0,0.8770666052584234,0.7592440680709545,0.7762489262739536,0.0,0.0,0.0,0.0,0.06820164280002908,0.4428415313495116,0.06820164280002908,0.10231973859750916,-0.17607762255647144,0.8666666666666667,0.05036304650084968,0.4417359736159847,0.20791083643263314,0.050475046119091004,0.04447982831132418,0.04458521626856036,0.2829558113627924,0.0
Bot-IoT,RANDOM_LINF,32,20,25.787288299994543,0.9936632998287678,59.94221123791523,0.9774478447335901,0.9779185840755903,0.9774478447335901,0.9774068001968755,0.9571101518530596,0.13333333333333333,0.0,0.8770666052584234,0.7592440680709545,0.7762489262739536,0.0,0.0,0.0,0.0,0.37802573235443776,0.5173849638363618,0.37802573235443776,0.42796482681386167,0.06177448019673569,0.4666666666666667,0.04316572913732154,0.6027803286553415,0.21307557837023122,0.20142342243061484,0.03764343446580938,0.04757101355713363,0.08057927961381359,0.0
Bot-IoT,RANDOM_L2,32,20,25.787288299994543,0.9265640003141016,64.35178454604929,0.9774478447335901,0.9779185840755903,0.9774478447335901,0.9774068001968755,0.9571101518530596,0.13333333333333333,0.0,0.8770666052584234,0.7592440680709545,0.7762489262739536,0.0,0.0,0.0,0.0,0.33392999927309736,0.5080556995870346,0.33392999927309736,0.3946855438080628,0.04104804668542396,0.8666666666666667,0.053034777946401795,0.5386496552310892,0.20711147777882774,0.17942677744561203,0.04842589868291248,0.057214331826985154,0.07500928332714445,0.0
Bot-IoT,C&W,1,5,0.44040750013664365,0.4998638001270592,0.0,0.9314803372828379,0.931878509102957,0.9314803372828379,0.9315315795165244,0.868957695387815,0.13333333333333333,9.08752192364664e-06,0.859400584798548,0.7199432172564328,0.7509273997493693,0.0,0.0,0.0003713330857779428,0.0,0.9314803372828379,0.931878509102957,0.9314803372828379,0.9315315795165244,0.868957695387815,0.13333333333333333,9.08752192364664e-06,0.859400584798548,0.7199432172564328,0.7509273997493693,0.0,0.0,0.0003713330857779428,0.0
Bot-IoT,C&W,1,10,0.3900788000319153,0.33484940021298826,0.0,0.9510249327615032,0.9517288044753585,0.9510249327615032,0.9510723197831573,0.9067665922320232,0.13333333333333333,1.817504384729328e-05,0.8674254537220379,0.7205139472802907,0.7530133308799642,0.0,0.0,0.0007426661715558856,0.0,0.9510249327615032,0.9517288044753585,0.9510249327615032,0.9510723197831573,0.9067665922320232,0.13333333333333333,1.817504384729328e-05,0.8674254537220379,0.7205139472802907,0.7530133308799642,0.0,0.0,0.0007426661715558856,0.0
Bot-IoT,C&W,1,15,0.36991799995303154,0.2849051996599883,0.0,0.962037508177655,0.9624420928764995,0.962037508177655,0.9620660077261435,0.9275763963550593,0.06666666666666667,9.08752192364664e-06,0.8783532023192595,0.7508943389893699,0.7708658189181683,0.0,0.0,0.0003713330857779428,0.0,0.962037508177655,0.9624420928764995,0.962037508177655,0.9620660077261435,0.9275763963550593,0.06666666666666667,9.08752192364664e-06,0.8783532023192595,0.7508943389893699,0.7708658189181683,0.0,0.0,0.0003713330857779428,0.0
Bot-IoT,C&W,1,20,0.3491372999269515,0.2669954998418689,0.0,0.9707966853238351,0.9712835261346291,0.9707966853238351,0.9708197647168999,0.9444593512091367,0.0,9.08752192364664e-06,0.8886251365135859,0.7696158835750393,0.7814607021427558,0.0,0.0,0.0003713330857779428,0.0,0.9707966853238351,0.9712835261346291,0.9707966853238351,0.9708197647168999,0.9444593512091367,0.0,9.08752192364664e-06,0.8886251365135859,0.7696158835750393,0.7814607021427558,0.0,0.0,0.0003713330857779428,0.0
Bot-IoT,C&W,2,5,1.0580194999929518,0.5387752999085933,0.0,0.7732790579341426,0.7747143046054207,0.7732790579341426,0.7715321137629707,0.5646954413275108,0.06666666666666667,9.08752192364664e-06,0.8003532938479294,0.6535520249069203,0.691875245997615,0.0,0.0,0.0003713330857779428,0.0,0.7732790579341426,0.7747143046054207,0.7732790579341426,0.7715321137629707,0.5646954413275108,0.06666666666666667,9.08752192364664e-06,0.8003532938479294,0.6535520249069203,0.691875245997615,0.0,0.0,0.0003713330857779428,0.0
Bot-IoT,C&W,2,10,0.9230005000717938,0.49609139980748296,0.0,0.836210656393109,0.8406620694986142,0.836210656393109,0.8364250378378292,0.6908565702608497,0.06666666666666667,9.08752192364664e-06,0.8288050875259829,0.6842631625645192,0.7193143645527333,0.0,0.0,0.0003713330857779428,0.0,0.836210656393109,0.8406620694986142,0.836210656393109,0.8364250378378292,0.6908565702608497,0.06666666666666667,9.08752192364664e-06,0.8288050875259829,0.6842631625645192,0.7193143645527333,0.0,0.0,0.0003713330857779428,0.0
Bot-IoT,C&W,2,15,0.9627170998137444,0.5077306996099651,0.0,0.8471232826924475,0.8510064357534007,0.8471232826924475,0.8473386112130827,0.7111034117959857,0.13333333333333333,0.0,0.9264486497423657,0.888649294223189,0.9228594795288583,0.0,0.0,0.0,0.0,0.8471232826924475,0.8510064357534007,0.8471232826924475,0.8473386112130827,0.7111034117959857,0.13333333333333333,0.0,0.9264486497423657,0.888649294223189,0.9228594795288583,0.0,0.0,0.0,0.0
Bot-IoT,C&W,2,20,0.9794517999980599,0.40593210025690496,0.0,0.8616795086137966,0.8696801445205704,0.8616795086137966,0.8617569750673695,0.7432593372855475,0.13333333333333333,0.0,0.9329679354996309,0.8967624332151513,0.9288842353234823,0.0,0.0,0.0,0.0,0.8616795086137966,0.8696801445205704,0.8616795086137966,0.8617569750673695,0.7432593372855475,0.13333333333333333,0.0,0.9329679354996309,0.8967624332151513,0.9288842353234823,0.0,0.0,0.0,0.0
Bot-IoT,C&W,4,5,2.7131241001188755,0.6374223998282105,0.0,0.9059569673620702,0.9082086732063929,0.9059569673620702,0.9054698521372682,0.8211250181126306,0.3333333333333333,0.0,0.8275930608892924,0.6779854784886263,0.7206821958384202,0.0,0.0,0.0,0.0,0.9059569673620702,0.9082086732063929,0.9059569673620702,0.9054698521372682,0.8211250181126306,0.3333333333333333,0.0,0.8275930608892924,0.6779854784886263,0.7206821958384202,0.0,0.0,0.0,0.0
Bot-IoT,C&W,4,10,2.450581100070849,0.5092382000293583,0.0,0.9312531801991714,0.9325005779514287,0.9312531801991714,0.9310223112551467,0.8689572465672528,0.13333333333333333,0.0,0.8580773548282817,0.7321599084799072,0.7570606338170331,0.0,0.0,0.0,0.0,0.9312531801991714,0.9325005779514287,0.9312531801991714,0.9310223112551467,0.8689572465672528,0.13333333333333333,0.0,0.8580773548282817,0.7321599084799072,0.7570606338170331,0.0,0.0,0.0,0.0
Bot-IoT,C&W,4,15,2.4862349000759423,0.4639829001389444,0.0,0.9568583266700589,0.9568483549595139,0.9568583266700589,0.9568533216710788,0.9171817220598135,0.06666666666666667,9.08752192364664e-06,0.8759362231936253,0.7478524864322813,0.7687698701662266,0.0,0.0,0.0003713330857779428,0.0,0.9568583266700589,0.9568483549595139,0.9568583266700589,0.9568533216710788,0.9171817220598135,0.06666666666666667,9.08752192364664e-06,0.8759362231936253,0.7478524864322813,0.7687698701662266,0.0,0.0,0.0003713330857779428,0.0
Bot-IoT,C&W,4,20,2.337681599892676,0.3592620000708848,0.0,0.9647633931816529,0.96511172358158,0.9647633931816529,0.9647079050145688,0.9326263840378097,0.06666666666666667,0.0,0.8787007455575641,0.765059891955676,0.7784629622027782,0.0,0.0,0.0,0.0,0.9647633931816529,0.96511172358158,0.9647633931816529,0.9647079050145688,0.9326263840378097,0.06666666666666667,0.0,0.8787007455575641,0.765059891955676,0.7784629622027782,0.0,0.0,0.0,0.0
Bot-IoT,C&W,8,5,5.380047700135037,0.6196236996911466,0.0,0.999518426982627,0.9995094243240159,0.999518426982627,0.9995111085042807,0.9990755507943293,0.26666666666666666,0.0,0.8731525873712975,0.7460325931831656,0.7688653625379425,0.0,0.0,0.0,0.0,0.999518426982627,0.9995094243240159,0.999518426982627,0.9995111085042807,0.9990755507943293,0.26666666666666666,0.0,0.8731525873712975,0.7460325931831656,0.7688653625379425,0.0,0.0,0.0,0.0
Bot-IoT,C&W,8,10,4.856425500009209,0.4204796999692917,0.0,0.9996910663662135,0.9996820709744828,0.9996910663662135,0.9996858770527766,0.9994070099001792,0.13333333333333333,0.0,0.8865093618057713,0.7728694194705221,0.7854513419199328,0.0,0.0,0.0,0.0,0.9996910663662135,0.9996820709744828,0.9996910663662135,0.9996858770527766,0.9994070099001792,0.13333333333333333,0.0,0.8865093618057713,0.7728694194705221,0.7854513419199328,0.0,0.0,0.0,0.0
Bot-IoT,C&W,8,15,4.775609000120312,0.3845146002713591,0.0,0.9997092389329069,0.999700185647,0.9997092389329069,0.9997040549247351,0.9994418462355945,0.13333333333333333,0.0,0.8865586350280832,0.7729515711136078,0.7854942515377211,0.0,0.0,0.0,0.0,0.9997092389329069,0.999700185647,0.9997092389329069,0.9997040549247351,0.9994418462355945,0.13333333333333333,0.0,0.8865586350280832,0.7729515711136078,0.7854942515377211,0.0,0.0,0.0,0.0
Bot-IoT,C&W,8,20,4.67348390002735,0.36139600025489926,0.0,0.9997637566329869,0.9997546955374916,0.9997637566329869,0.9997585711355185,0.9995464950047632,0.13333333333333333,0.0,0.886542989806052,0.7729148278449267,0.7854813302298775,0.0,0.0,0.0,0.0,0.9997637566329869,0.9997546955374916,0.9997637566329869,0.9997585711355185,0.9995464950047632,0.13333333333333333,0.0,0.886542989806052,0.7729148278449267,0.7854813302298775,0.0,0.0,0.0,0.0
Bot-IoT,C&W,10,5,6.609770399983972,0.8293696001637727,0.0,0.9337246492694629,0.9355217519459879,0.9337246492694629,0.9338123362100317,0.8747225525257577,0.13333333333333333,0.0,0.8608398448981772,0.7340097989566693,0.7583405226312036,0.0,0.0,0.0,0.0,0.9337246492694629,0.9355217519459879,0.9337246492694629,0.9338123362100317,0.8747225525257577,0.13333333333333333,0.0,0.8608398448981772,0.7340097989566693,0.7583405226312036,0.0,0.0,0.0,0.0
Bot-IoT,C&W,10,10,6.0580668998882174,0.5818182996008545,0.0,0.9600476121247365,0.9601667914215409,0.9600476121247365,0.9600066526308441,0.9233745524623214,0.13333333333333333,0.0,0.8702574235798466,0.7487611195124747,0.7690702939991317,0.0,0.0,0.0,0.0,0.9600476121247365,0.9601667914215409,0.9600476121247365,0.9600066526308441,0.9233745524623214,0.13333333333333333,0.0,0.8702574235798466,0.7487611195124747,0.7690702939991317,0.0,0.0,0.0,0.0
Bot-IoT,C&W,10,15,5.87710570008494,0.4960062999743968,0.0,0.9673893290688377,0.9678184293494893,0.9673893290688377,0.9673325402046546,0.9377420039711137,0.13333333333333333,0.0,0.8730200686393401,0.7531695871933852,0.7720878681130945,0.0,0.0,0.0,0.0,0.9673893290688377,0.9678184293494893,0.9673893290688377,0.9673325402046546,0.9377420039711137,0.13333333333333333,0.0,0.8730200686393401,0.7531695871933852,0.7720878681130945,0.0,0.0,0.0,0.0
Bot-IoT,C&W,10,20,5.730751799885184,0.4437319994904101,0.0,0.9802555062877081,0.9804119161940212,0.9802555062877081,0.9802328120167338,0.9622274014118554,0.13333333333333333,0.0,0.8783936245476207,0.7609025339338338,0.7774204119964271,0.0,0.0,0.0,0.0,0.9802555062877081,0.9804119161940212,0.9802555062877081,0.9802328120167338,0.9622274014118554,0.13333333333333333,0.0,0.8783936245476207,0.7609025339338338,0.7774204119964271,0.0,0.0,0.0,0.0
Bot-IoT,C&W,16,5,10.908644299954176,1.0036133998073637,0.0,0.9279276004942938,0.9280725300845193,0.9279276004942938,0.9279550548471407,0.8618505297485578,0.26666666666666666,0.0,0.8445034039263903,0.7035053169696959,0.7393281029916817,0.0,0.0,0.0,0.0,0.9279276004942938,0.9280725300845193,0.9279276004942938,0.9279550548471407,0.8618505297485578,0.26666666666666666,0.0,0.8445034039263903,0.7035053169696959,0.7393281029916817,0.0,0.0,0.0,0.0
Bot-IoT,C&W,16,10,10.251459799939767,0.7076413999311626,0.0,0.9820273315403067,0.9820395135247335,0.9820273315403067,0.9820161678370177,0.9655091110561735,0.13333333333333333,0.0,0.879284061273828,0.7619643749537208,0.7781600853930368,0.0,0.0,0.0,0.0,0.9820273315403067,0.9820395135247335,0.9820273315403067,0.9820161678370177,0.9655091110561735,0.13333333333333333,0.0,0.879284061273828,0.7619643749537208,0.7781600853930368,0.0,0.0,0.0,0.0
Bot-IoT,C&W,16,15,8.562358000082895,0.49959729984402657,0.0,0.9792741876862688,0.9792901414211249,0.9792741876862688,0.9792604902478959,0.9602249790410007,0.2,0.0,0.8714994419082922,0.7468879420942981,0.7690532130615753,0.0,0.0,0.0,0.0,0.9792741876862688,0.9792901414211249,0.9792741876862688,0.9792604902478959,0.9602249790410007,0.2,0.0,0.8714994419082922,0.7468879420942981,0.7690532130615753,0.0,0.0,0.0,0.0
Bot-IoT,C&W,16,20,8.463593299966305,0.4387247001286596,0.0,0.9863342298466236,0.986354587256499,0.9863342298466236,0.9863242061232174,0.9737867427850627,0.13333333333333333,9.08752192364664e-06,0.8809714116917597,0.7521531657071752,0.773500160841962,0.0,0.0,0.0003713330857779428,0.0,0.9863342298466236,0.986354587256499,0.9863342298466236,0.9863242061232174,0.9737867427850627,0.13333333333333333,9.08752192364664e-06,0.8809714116917597,0.7521531657071752,0.773500160841962,0.0,0.0,0.0003713330857779428,0.0
Bot-IoT,C&W,32,5,23.880152999889106,1.70582089968957,0.0,0.9753852584138983,0.9753748830320957,0.9753852584138983,0.975379222933838,0.9527457952884486,0.13333333333333333,0.0,0.876754551246167,0.7580060830295141,0.7754597181613291,0.0,0.0,0.0,0.0,0.9753852584138983,0.9753748830320957,0.9753852584138983,0.975379222933838,0.9527457952884486,0.13333333333333333,0.0,0.876754551246167,0.7580060830295141,0.7754597181613291,0.0,0.0,0.0,0.0
Bot-IoT,C&W,32,10,20.601190200075507,1.018285500118509,0.0,0.9838627607763321,0.9838532322174458,0.9838627607763321,0.9838564126760839,0.969019421370753,0.13333333333333333,0.0,0.8801156846128075,0.7630859022621521,0.7789210630752147,0.0,0.0,0.0,0.0,0.9838627607763321,0.9838532322174458,0.9838627607763321,0.9838564126760839,0.969019421370753,0.13333333333333333,0.0,0.8801156846128075,0.7630859022621521,0.7789210630752147,0.0,0.0,0.0,0.0
Bot-IoT,C&W,32,15,18.759476099861786,0.7207234997767955,0.0,0.984853165661118,0.9848439637727029,0.984853165661118,0.9848465952478652,0.9709209957307823,0.13333333333333333,9.08752192364664e-06,0.8804684537895863,0.7512435837304647,0.7728919451617088,0.0,0.0,0.0003713330857779428,0.0,0.984853165661118,0.9848439637727029,0.984853165661118,0.9848465952478652,0.9709209957307823,0.13333333333333333,9.08752192364664e-06,0.8804684537895863,0.7512435837304647,0.7728919451617088,0.0,0.0,0.0003713330857779428,0.0
Bot-IoT,C&W,32,20,18.218065300025046,0.6005790000781417,0.0,0.9873246347314094,0.9873390962733029,0.9873246347314094,0.9873154706538735,0.975683736958807,0.13333333333333333,9.08752192364664e-06,0.8813834253844902,0.7527608266223279,0.7739093916794745,0.0,0.0,0.0003713330857779428,0.0,0.9873246347314094,0.9873390962733029,0.9873246347314094,0.9873154706538735,0.975683736958807,0.13333333333333333,9.08752192364664e-06,0.8813834253844902,0.7527608266223279,0.7739093916794745,0.0,0.0,0.0003713330857779428,0.0
