Dataset,Attack,Resolution,AddressSize,TrainTime_s,InferTime_Adv_s,Acc_Drop_pp,Clean_Acc,Clean_Precision,Clean_Recall,Clean_F1,Clean_MCC,Clean_FAR,Clean_ASR,Clean_AUC,Clean_PR_AUC,Clean_Miss_Attack,Adv_Acc,Adv_Precision,Adv_Recall,Adv_F1,Adv_MCC,Adv_FAR,Adv_ASR,Adv_AUC,Adv_PR_AUC,Adv_Miss_Attack
CICIDS,FGSM,1,5,3.648376799887046,1.1976308997254819,0.10433382062120522,0.8461512523033774,0.7337982965066041,0.1396422321145421,0.2346335639079938,0.2747697700842623,0.010293261290846085,0.8603577678854579,0.564674485411848,0.5093671498666863,0.8603577678854579,0.8451079140971653,0.7956718671363865,0.11141779912848401,0.1954647077610987,0.2603755621140259,0.005813675980640172,0.888582200871516,0.5528020615739219,0.5285749332413312,0.888582200871516
CICIDS,RANDOM_LINF,1,5,3.648376799887046,1.0666096997447312,1.3868860718316611,0.8461512523033774,0.7337982965066041,0.1396422321145421,0.2346335639079938,0.2747697700842623,0.010293261290846085,0.8603577678854579,0.564674485411848,0.5093671498666863,0.8603577678854579,0.8322823915850608,0.6862244897959183,0.012638156426549524,0.024819218748197956,0.07713215314921545,0.0011741907153017097,0.9873618435734505,0.5057319828556238,0.4328021782716918,0.9873618435734505
CICIDS,RANDOM_L2,1,5,3.648376799887046,1.0370838001836091,1.8460738945276334,0.8461512523033774,0.7337982965066041,0.1396422321145421,0.2346335639079938,0.2747697700842623,0.010293261290846085,0.8603577678854579,0.564674485411848,0.5093671498666863,0.8603577678854579,0.8276905133581011,0.3651238896680692,0.027519703073796968,0.05118179037965835,0.05947788402279023,0.009722871898656841,0.9724802969262031,0.5088984155875701,0.27843608355870025,0.9724802969262031
CICIDS,FGSM,1,10,3.0839380000252277,1.1421449000481516,0.2441728767770046,0.8485334750898045,0.7926251917050077,0.13961874111746672,0.2374171127266917,0.29152279756771576,0.007422221797943734,0.8603812588825333,0.5660982596597615,0.5387708355000618,0.8603812588825333,0.8460917463220344,0.830154007700385,0.11142954462702169,0.19648534178342497,0.26881339964988676,0.0046323255658549155,0.8885704553729783,0.5533986095305834,0.5458208845062436,0.8885704553729783
CICIDS,RANDOM_LINF,1,10,3.0839380000252277,1.0606998002622277,1.6475222701135217,0.8485334750898045,0.7926251917050077,0.13961874111746672,0.2374171127266917,0.29152279756771576,0.007422221797943734,0.8603812588825333,0.5660982596597615,0.5387708355000618,0.8603812588825333,0.8320582523886693,0.7585071350164654,0.008116139489540633,0.016060429982568274,0.06696303914371642,0.0005250446287934474,0.9918838605104594,0.5037955474303736,0.46706432246041113,0.9918838605104594
CICIDS,RANDOM_L2,1,10,3.0839380000252277,1.015718799782917,1.8056098272144716,0.8485334750898045,0.7926251917050077,0.13961874111746672,0.2374171127266917,0.29152279756771576,0.007422221797943734,0.8603812588825333,0.5660982596597615,0.5387708355000618,0.8603812588825333,0.8304773768176598,0.41375661375661377,0.009184979856470007,0.01797102115386825,0.04009624692486349,0.0026443156759233624,0.99081502014353,0.5032703320902734,0.29513323127557994,0.99081502014353
CICIDS,FGSM,1,15,3.0024498000275344,1.1847589001990855,0.10433382062120522,0.8461512523033774,0.7337982965066041,0.1396422321145421,0.2346335639079938,0.2747697700842623,0.010293261290846085,0.8603577678854579,0.564674485411848,0.5093671498666863,0.8603577678854579,0.8451079140971653,0.7956718671363865,0.11141779912848401,0.1954647077610987,0.2603755621140259,0.005813675980640172,0.888582200871516,0.5528020615739219,0.5285749332413312,0.888582200871516
CICIDS,RANDOM_LINF,1,15,3.0024498000275344,1.1252093999646604,1.385299245662519,0.8461512523033774,0.7337982965066041,0.1396422321145421,0.2346335639079938,0.2747697700842623,0.010293261290846085,0.8603577678854579,0.564674485411848,0.5093671498666863,0.8603577678854579,0.8322982598467522,0.6818181818181818,0.01303750337683083,0.025585764173015085,0.07792930093908217,0.0012362414441591172,0.9869624966231691,0.5059006309663359,0.4307649777018699,0.9869624966231691
CICIDS,RANDOM_L2,1,15,3.0024498000275344,1.1365265999920666,1.65644816731495,0.8461512523033774,0.7337982965066041,0.1396422321145421,0.2346335639079938,0.2747697700842623,0.010293261290846085,0.8603577678854579,0.564674485411848,0.5093671498666863,0.8603577678854579,0.8295867706302279,0.4140988694302815,0.021940591268396387,0.041673173452314555,0.06219449255940159,0.006307695245004916,0.9780594087316036,0.5078164480116957,0.30060510655607064,0.9780594087316036
CICIDS,FGSM,1,20,2.8580565000884235,1.5886955002788454,0.2441728767770046,0.8485334750898045,0.7926251917050077,0.13961874111746672,0.2374171127266917,0.29152279756771576,0.007422221797943734,0.8603812588825333,0.5660982596597615,0.5387708355000618,0.8603812588825333,0.8460917463220344,0.830154007700385,0.11142954462702169,0.19648534178342497,0.26881339964988676,0.0046323255658549155,0.8885704553729783,0.5533986095305834,0.5458208845062436,0.8885704553729783
CICIDS,RANDOM_LINF,1,20,2.8580565000884235,1.3372131998185068,1.5935701803626356,0.8485334750898045,0.7926251917050077,0.13961874111746672,0.2374171127266917,0.29152279756771576,0.007422221797943734,0.8603812588825333,0.5660982596597615,0.5387708355000618,0.8603812588825333,0.8325977732861781,0.7323327079424641,0.01375397878762964,0.02700085314395075,0.08483546003399205,0.0010214504596527069,0.9862460212123704,0.5063662641639886,0.4563199807217118,0.9862460212123704
CICIDS,RANDOM_L2,1,20,2.8580565000884235,1.3300254000350833,1.8750334721145068,0.8485334750898045,0.7926251917050077,0.13961874111746672,0.2374171127266917,0.29152279756771576,0.007422221797943734,0.8603812588825333,0.5660982596597615,0.5387708355000618,0.8603812588825333,0.8297831403686594,0.3459434822242479,0.008914833390103244,0.01738174573185394,0.031246905717592265,0.0034247229196299866,0.9910851666098968,0.5027450552352366,0.26111440290239507,0.9910851666098968
CICIDS,FGSM,2,5,9.460523799993098,1.3532493002712727,3.4358753627385497,0.907638782824987,0.918483803076656,0.4972104440972997,0.6451671899289786,0.6346784375080405,0.008966330319895372,0.5027895559027002,0.7441220568887023,0.7503016659760636,0.5027895559027002,0.8732800291976015,0.8968814192343604,0.28205640188397796,0.4291509551977411,0.46020591523967863,0.006589310091357765,0.717943598116022,0.63773354589631,0.6500906290522397,0.717943598116022
CICIDS,RANDOM_LINF,2,5,9.460523799993098,1.346528499852866,5.031429075812611,0.907638782824987,0.918483803076656,0.4972104440972997,0.6451671899289786,0.6346784375080405,0.008966330319895372,0.5027895559027002,0.7441220568887023,0.7503016659760636,0.5027895559027002,0.8573244920668609,0.8694825174825175,0.18254853827270698,0.30174539382996485,0.3585410746745559,0.005567859631705059,0.817451461727293,0.588490339320501,0.5950394909362989,0.817451461727293
CICIDS,RANDOM_L2,2,5,9.460523799993098,0.9679542002268136,8.290770027233908,0.907638782824987,0.918483803076656,0.4972104440972997,0.6451671899289786,0.6346784375080405,0.008966330319895372,0.5027895559027002,0.7441220568887023,0.7503016659760636,0.5027895559027002,0.8247310825526479,0.3758570218010939,0.05730628736536722,0.09944965348552792,0.08981561190747646,0.01933596173856596,0.9426937126346328,0.5189851628134006,0.2961808222929049,0.9426937126346328
CICIDS,FGSM,2,10,8.43884740001522,1.2529149998445064,3.4106844973033845,0.9082497109001073,0.9590131035296895,0.47709040510224454,0.6371907697617143,0.6387234343615391,0.0041430794344792035,0.5229095948977555,0.7364736628338827,0.7622051924723923,0.5229095948977555,0.8741428659270735,0.9167883772772696,0.2801653766194106,0.4291767500022491,0.46568950508773665,0.005166916460626426,0.7198346233805893,0.6374992300793921,0.6592582698246807,0.7198346233805893
CICIDS,RANDOM_LINF,2,10,8.43884740001522,1.2936101998202503,4.814827303724478,0.9082497109001073,0.9590131035296895,0.47709040510224454,0.6371907697617143,0.6387234343615391,0.0041430794344792035,0.5229095948977555,0.7364736628338827,0.7622051924723923,0.5229095948977555,0.8601014378628625,0.8933283075763286,0.1948578207402013,0.31993057564362165,0.37816400164441755,0.0047277882256355425,0.8051421792597987,0.5950650162572829,0.6120776560761626,0.8051421792597987
CICIDS,RANDOM_L2,2,10,8.43884740001522,1.0956341000273824,9.58085970274779,0.9082497109001073,0.9590131035296895,0.47709040510224454,0.6371907697617143,0.6387234343615391,0.0041430794344792035,0.5229095948977555,0.7364736628338827,0.7622051924723923,0.5229095948977555,0.8124411138726294,0.3251531464637089,0.10286707619304901,0.156289594375145,0.09910136084361575,0.04338061917081134,0.897132923806951,0.5297432285111188,0.2897622173442353,0.897132923806951
CICIDS,FGSM,2,15,7.87415110017173,1.1717152998317033,3.2287945476652813,0.9085988126573189,0.9593771317008915,0.47905190335803804,0.639018581769185,0.6403180314076392,0.004121600336028562,0.520948096641962,0.7374651515110047,0.7632023307044857,0.520948096641962,0.8763108671806661,0.9253837248384807,0.29104170826530734,0.44281425354730336,0.4782424037025243,0.004768359856042309,0.7089582917346927,0.6431366742046325,0.6680757337828427,0.7089582917346927
CICIDS,RANDOM_LINF,2,15,7.87415110017173,1.2841078997589648,3.501331942215724,0.9085988126573189,0.9593771317008915,0.47905190335803804,0.639018581769185,0.6403180314076392,0.004121600336028562,0.520948096641962,0.7374651515110047,0.7632023307044857,0.520948096641962,0.8735854932351617,0.9064980441304926,0.2803533045960136,0.428258724320445,0.46218786322358646,0.00587572670949758,0.7196466954039864,0.637238788943258,0.6541911989779023,0.7196466954039864
CICIDS,RANDOM_L2,2,15,7.87415110017173,1.269593599718064,12.37902929876168,0.9085988126573189,0.9593771317008915,0.47905190335803804,0.639018581769185,0.6403180314076392,0.004121600336028562,0.520948096641962,0.7374651515110047,0.7632023307044857,0.520948096641962,0.7848085196697021,0.3091135018475524,0.22206039535348077,0.25845346238234873,0.13908864979465185,0.10084675379225416,0.7779396046465192,0.5606068207806133,0.3312746096385786,0.7779396046465192
CICIDS,FGSM,2,20,7.591689000139013,1.1431876996066421,3.3926343496293754,0.9097155415738538,0.9640665261185289,0.48339773781698164,0.643922740536185,0.6455797628170233,0.003660993002587038,0.5166022621830184,0.7398683724071973,0.7673529915911619,0.5166022621830184,0.8757891980775601,0.9093288737002836,0.29377840942458805,0.4440854010386613,0.47478474510146684,0.005952096837322081,0.706221590575412,0.643913156293633,0.6611855772325029,0.706221590575412
CICIDS,RANDOM_LINF,2,20,7.591689000139013,1.3038080998230726,3.712379822711842,0.9097155415738538,0.9640665261185289,0.48339773781698164,0.643922740536185,0.6455797628170233,0.003660993002587038,0.5166022621830184,0.7398683724071973,0.7673529915911619,0.5166022621830184,0.8725917433467354,0.8691813237267783,0.28905671901243846,0.4338360378306435,0.45597609268321154,0.008839842295686042,0.7109432809875615,0.6401084383583762,0.6391496471146728,0.7109432809875615
CICIDS,RANDOM_L2,2,20,7.591689000139013,1.335731399944052,11.840896874150797,0.9097155415738538,0.9640665261185289,0.48339773781698164,0.643922740536185,0.6455797628170233,0.003660993002587038,0.5166022621830184,0.7398683724071973,0.7673529915911619,0.5166022621830184,0.7913065728323458,0.29782862667687227,0.17366894137821678,0.21940126868716844,0.1137591007550288,0.08319570799881626,0.8263310586217832,0.5452366166897002,0.30552252245115175,0.8263310586217832
CICIDS,FGSM,4,5,24.681991200195625,1.3849726000335068,4.493891711015152,0.92298735894603,0.9421457621293414,0.5795581343450122,0.7176537320379313,0.7027572737008013,0.007231296478382481,0.4204418656549877,0.7861634189333149,0.7963532167063458,0.4204418656549877,0.8780484418358785,0.9905445195537677,0.28054123257261654,0.4372460000732252,0.4915498830265705,0.0005441371607495728,0.7194587674273835,0.6399985477059336,0.6962925324161499,0.7194587674273835
CICIDS,RANDOM_LINF,4,5,24.681991200195625,1.2980065001174808,7.844276813891071,0.92298735894603,0.9421457621293414,0.5795581343450122,0.7176537320379313,0.7027572737008013,0.007231296478382481,0.4204418656549877,0.7861634189333149,0.7963532167063458,0.4204418656549877,0.8445445908071193,0.7534082397003745,0.11813622429204007,0.20424615946958544,0.2573235411811526,0.007856576899945586,0.8818637757079599,0.5551398236960473,0.5102350417496344,0.8818637757079599
CICIDS,RANDOM_L2,4,5,24.681991200195625,1.1216537998989224,9.215691330573572,0.92298735894603,0.9421457621293414,0.5795581343450122,0.7176537320379313,0.7027572737008013,0.007231296478382481,0.4204418656549877,0.7861634189333149,0.7963532167063458,0.4204418656549877,0.8308304456402943,0.4811704834605598,0.02221073773476315,0.042461462461687006,0.0738861044844385,0.004866209082317451,0.9777892622652369,0.5086722643262228,0.33425317617821176,0.9777892622652369
CICIDS,FGSM,4,10,22.68107770010829,1.2408465999178588,5.302776350736194,0.923568534030479,0.9409438389343021,0.5840684057834835,0.7207490560704994,0.7052104916233854,0.007448474029383406,0.41593159421651654,0.78830996587705,0.7976265525474673,0.41593159421651654,0.8705407705231171,0.8321743781759828,0.29236894960006576,0.43271244926163177,0.444647816566176,0.011980563802468664,0.7076310503999342,0.6401941928987986,0.6220226115207772,0.7076310503999342
CICIDS,RANDOM_LINF,4,10,22.68107770010829,1.2028555001597852,6.597428151486362,0.923568534030479,0.9409438389343021,0.5840684057834835,0.7207490560704994,0.7052104916233854,0.007448474029383406,0.41593159421651654,0.78830996587705,0.7976265525474673,0.41593159421651654,0.8575942525156154,0.7385165326184093,0.24266199978858102,0.3652951889244479,0.36854058150847985,0.017457733907382127,0.757338000211419,0.6126021329405994,0.5545373690536333,0.757338000211419
CICIDS,RANDOM_L2,4,10,22.68107770010829,1.0892422003671527,9.418011667139414,0.923568534030479,0.9409438389343021,0.5840684057834835,0.7207490560704994,0.7052104916233854,0.007448474029383406,0.41593159421651654,0.78830996587705,0.7976265525474673,0.41593159421651654,0.8293884173590849,0.47820020927799095,0.1127215494661671,0.18243859782526042,0.1681126727288615,0.024992124330568098,0.8872784505338329,0.5438647125677994,0.3703808934154906,0.8872784505338329
CICIDS,FGSM,4,15,21.62771790008992,1.5416945996694267,4.377061634311952,0.9283726502575618,0.984045494036806,0.5853486651240912,0.7340536002297784,0.7271149196591892,0.0019283457275686615,0.41465133487590883,0.7917101596982613,0.8197094072362501,0.41465133487590883,0.8846020339144423,0.938746948738812,0.33877541432246094,0.4978768211006007,0.5235051516893929,0.004491518142678491,0.6612245856775391,0.6671419480898911,0.69459366029196,0.6612245856775391
CICIDS,RANDOM_LINF,4,15,21.62771790008992,1.4342627001460642,8.161046987906406,0.9283726502575618,0.984045494036806,0.5853486651240912,0.7340536002297784,0.7271149196591892,0.0019283457275686615,0.41465133487590883,0.7917101596982613,0.8197094072362501,0.41465133487590883,0.8467621803784977,0.5998682610458046,0.2781099143753157,0.38003065539960357,0.335290040813915,0.03769343121438049,0.7218900856246844,0.6202082415804675,0.4999440396991509,0.7218900856246844
CICIDS,RANDOM_L2,4,15,21.62771790008992,1.392621899722144,11.676065305830996,0.9283726502575618,0.984045494036806,0.5853486651240912,0.7340536002297784,0.7271149196591892,0.0019283457275686615,0.41465133487590883,0.7917101596982613,0.8197094072362501,0.41465133487590883,0.8116119971992518,0.3788218482840178,0.1805987855154512,0.2445914991091881,0.16582144690303072,0.060172501026223596,0.8194012144845488,0.5602131422446137,0.34889891317347,0.8194012144845488
CICIDS,FGSM,4,20,20.10086470004171,1.67367670009844,41.622847123183334,0.9279898284442558,0.9781838121536142,0.5866759064588496,0.7334547216634117,0.7252015947527243,0.0026586350748904566,0.41332409354115035,0.7920086356919794,0.8173301173638376,0.41332409354115035,0.5117613572124224,0.17355814264686203,0.5027190829114742,0.25803320592739065,0.012229508035996713,0.48640134411424973,0.49728091708852584,0.5081588693986122,0.3801280167474236,0.49728091708852584
CICIDS,RANDOM_LINF,4,20,20.10086470004171,1.3885922003537416,7.923419769077123,0.9279898284442558,0.9781838121536142,0.5866759064588496,0.7334547216634117,0.7252015947527243,0.0026586350748904566,0.41332409354115035,0.7920086356919794,0.8173301173638376,0.41332409354115035,0.8487556307534846,0.5727735660602885,0.4108692843467741,0.47849697699231253,0.4002569750191143,0.062270292974902865,0.589130715653226,0.6742994956859356,0.5415664420734772,0.589130715653226
CICIDS,RANDOM_L2,4,20,20.10086470004171,1.2896056999452412,14.99074681990118,0.9279898284442558,0.9781838121536142,0.5866759064588496,0.7334547216634117,0.7252015947527243,0.0026586350748904566,0.41332409354115035,0.7920086356919794,0.8173301173638376,0.41332409354115035,0.778082360245244,0.3150870593441852,0.2675976931840872,0.2894071618205607,0.1596945539334433,0.11819231907439405,0.7324023068159128,0.5747026870548466,0.3531849591410917,0.7324023068159128
CICIDS,FGSM,8,5,38.86471670004539,3.2041571997106075,3.987099103244862,0.918191176849793,0.8973189232245334,0.5821891260174538,0.7061932781489977,0.6820574550490385,0.01353660515689288,0.4178108739825462,0.7843262604302804,0.7750331374264825,0.4178108739825462,0.8783201858173444,0.9962045378712046,0.28054123257261654,0.437794986940384,0.4934574750153001,0.000217177551000926,0.7194587674273835,0.6401620275108079,0.6991225415748683,0.7194587674273835
CICIDS,RANDOM_LINF,8,5,38.86471670004539,2.9679090999998152,7.765728918518455,0.918191176849793,0.8973189232245334,0.5821891260174538,0.7061932781489977,0.6820574550490385,0.01353660515689288,0.4178108739825462,0.7843262604302804,0.7750331374264825,0.4178108739825462,0.8405338876646085,0.9708217546645495,0.05744723334781945,0.10847555363340985,0.21505907231830904,0.00035082527469380354,0.9425527666521806,0.5285482040365629,0.5937217605195902,0.9425527666521806
CICIDS,RANDOM_L2,8,5,38.86471670004539,2.9262463997583836,8.624598582567522,0.918191176849793,0.8973189232245334,0.5821891260174538,0.7061932781489977,0.6820574550490385,0.01353660515689288,0.4178108739825462,0.7843262604302804,0.7750331374264825,0.4178108739825462,0.8319451910241178,0.6094080338266384,0.013542559813951303,0.02649630591398467,0.07217010461800717,0.0017636726394470803,0.9864574401860488,0.5058894435872522,0.39476978597136275,0.9864574401860488
CICIDS,FGSM,8,10,38.52238560002297,1.3014080999419093,4.969741208487132,0.92796800958443,0.8631117060835937,0.6815560436462725,0.7616641180292579,0.7268924838204757,0.021963571449027712,0.3184439563537274,0.8297962360986223,0.7992226443010743,0.3184439563537274,0.8782705974995587,0.9950843574255364,0.2805647235696919,0.437715311881551,0.4931021724070382,0.0002816148463528491,0.7194352764303081,0.6401415543616695,0.6985722133178605,0.7194352764303081
CICIDS,RANDOM_LINF,8,10,38.52238560002297,1.2731497997883707,6.830493245079349,0.92796800958443,0.8631117060835937,0.6815560436462725,0.7616641180292579,0.7268924838204757,0.021963571449027712,0.3184439563537274,0.8297962360986223,0.7992226443010743,0.3184439563537274,0.8596630771336365,0.906027768371148,0.18855048802546423,0.3121421001973614,0.3755224281471528,0.003973633213368591,0.8114495119745357,0.5922884274060478,0.6158062986492225,0.8114495119745357
CICIDS,RANDOM_L2,8,10,38.52238560002297,1.2020137999206781,9.46442633258686,0.92796800958443,0.8631117060835937,0.6815560436462725,0.7616641180292579,0.7268924838204757,0.021963571449027712,0.3184439563537274,0.8297962360986223,0.7992226443010743,0.3184439563537274,0.8333237462585614,0.5549499554058072,0.06577479181103842,0.11760999684973222,0.14727563393234247,0.010718070126869875,0.9342252081889616,0.5275283608420843,0.38924647777562665,0.9342252081889616
CICIDS,FGSM,8,15,33.082389699993655,2.8765176003798842,5.239501657241585,0.929874184520114,0.8770619688868019,0.6800761108305242,0.766109185212628,0.733761409723468,0.019369373669489178,0.3199238891694758,0.8303533685805174,0.8055827718556241,0.3199238891694758,0.8774791679476982,0.8945236005132015,0.3111852382574378,0.4617408959802016,0.48389769494650126,0.0074556337288669535,0.6888147617425622,0.6518648022642854,0.6610165573162172,0.6888147617425622
CICIDS,RANDOM_LINF,8,15,33.082389699993655,2.948116999818012,7.113741716271516,0.929874184520114,0.8770619688868019,0.6800761108305242,0.766109185212628,0.733761409723468,0.019369373669489178,0.3199238891694758,0.8303533685805174,0.8055827718556241,0.3199238891694758,0.8587367673573989,0.8218430665371989,0.20876449100882086,0.3329524380420733,0.3689887231602913,0.009195440703368878,0.7912355089911791,0.5997845251527261,0.5821141193257411,0.7912355089911791
CICIDS,RANDOM_L2,8,15,33.082389699993655,3.0306489998474717,10.657521258511837,0.929874184520114,0.8770619688868019,0.6800761108305242,0.766109185212628,0.733761409723468,0.019369373669489178,0.3199238891694758,0.8303533685805174,0.8055827718556241,0.3199238891694758,0.8232989719349957,0.4350189425135892,0.15509930819013612,0.22866988761320933,0.17981152395054428,0.040929615380943744,0.8449006918098638,0.5570848464045962,0.36640084638385506,0.8449006918098638
CICIDS,FGSM,8,20,28.410438100108877,2.372858599992469,8.81997655464335,0.9339106735878735,0.8659397774137054,0.7201400063425692,0.7863385980775027,0.7520845209977434,0.022653289165942742,0.2798599936574308,0.8487433585883133,0.8166707088357552,0.2798599936574308,0.84571090804144,0.5844860070768807,0.298781991801642,0.3954267415922463,0.3409949277704772,0.04315866848682138,0.701218008198358,0.6278116616574103,0.5008434426417939,0.701218008198358
CICIDS,RANDOM_LINF,8,20,28.410438100108877,2.342760000145063,5.889306973505959,0.9339106735878735,0.8659397774137054,0.7201400063425692,0.7863385980775027,0.7520845209977434,0.022653289165942742,0.2798599936574308,0.8487433585883133,0.8166707088357552,0.2798599936574308,0.8750176038528139,0.7863705774257835,0.3568634820704965,0.4909352378490176,0.47484471632590586,0.019698719845732342,0.6431365179295035,0.6685823811123821,0.6259221883216626,0.6431365179295035
CICIDS,RANDOM_L2,8,20,28.410438100108877,2.5682850000448525,13.404515710570841,0.9339106735878735,0.8659397774137054,0.7201400063425692,0.7863385980775027,0.7520845209977434,0.022653289165942742,0.2798599936574308,0.8487433585883133,0.8166707088357552,0.2798599936574308,0.7998655164821651,0.36651928647659704,0.254125606361362,0.3001456613719914,0.1921174137626565,0.08924565406241348,0.745874393638638,0.5824399761494742,0.37330258530593996,0.745874393638638
CICIDS,FGSM,10,5,46.58535089995712,4.230902299983427,4.497263716624589,0.9233086912452817,0.9345976173109652,0.5869460529252164,0.7210550617568972,0.7039956365474886,0.008345823031321298,0.4130539470747836,0.7893001149469475,0.7956492825495151,0.4130539470747836,0.8783360540790358,0.9966199298948423,0.28051774157554116,0.4378064764488602,0.4935755015358893,0.00019331188605576928,0.7194822584244588,0.6401622148447427,0.6993204756208609,0.7194822584244588
CICIDS,RANDOM_LINF,10,5,46.58535089995712,3.901974400272593,8.072779782247785,0.9233086912452817,0.9345976173109652,0.5869460529252164,0.7210550617568972,0.7039956365474886,0.008345823031321298,0.4130539470747836,0.7893001149469475,0.7956492825495151,0.4130539470747836,0.8425808934228038,0.9369137670196672,0.07273987244388588,0.1349987465803442,0.2362936242912888,0.0009951982282130345,0.9272601275561141,0.5358723371078364,0.5831228064500416,0.9272601275561141
CICIDS,RANDOM_L2,10,5,46.58535089995712,3.869447900215164,9.111555863223519,0.9233086912452817,0.9345976173109652,0.5869460529252164,0.7210550617568972,0.7039956365474886,0.008345823031321298,0.4130539470747836,0.7893001149469475,0.7956492825495151,0.4130539470747836,0.8321931326130465,0.7130434782608696,0.01059443968099226,0.02087866302485996,0.07284943870435298,0.0008663236375091882,0.9894055603190077,0.5048640580217416,0.44536238147728313,0.9894055603190077
CICIDS,FGSM,10,10,41.450175300007686,4.00900680036284,6.031129562373183,0.9261828301441434,0.9544109838428279,0.5911274504046324,0.7300737646060448,0.7166314612611426,0.005737305852815671,0.40887254959536756,0.7926950722759085,0.80729359573252,0.40887254959536756,0.8658715345204115,0.7889805344770703,0.28088185203020943,0.41427816611664026,0.4186245495816607,0.015264479298922226,0.7191181479697906,0.6328086863656436,0.5956520883822818,0.7191181479697906
CICIDS,RANDOM_LINF,10,10,41.450175300007686,3.4320290002506226,6.248921454088164,0.9261828301441434,0.9544109838428279,0.5911274504046324,0.7300737646060448,0.7166314612611426,0.005737305852815671,0.40887254959536756,0.7926950722759085,0.80729359573252,0.40887254959536756,0.8636936156032617,0.8400712451329633,0.23821045584279824,0.3711715668780483,0.4017852039292195,0.009214533235325003,0.7617895441572018,0.6144979613037367,0.6034648327868348,0.7617895441572018
CICIDS,RANDOM_L2,10,10,41.450175300007686,3.0996126998215914,8.617457864806388,0.9261828301441434,0.9544109838428279,0.5911274504046324,0.7300737646060448,0.7166314612611426,0.005737305852815671,0.40887254959536756,0.7926950722759085,0.80729359573252,0.40887254959536756,0.8400082514960795,0.6822064925555285,0.09848600523849235,0.1721235759006466,0.21659730899138502,0.009321928727578208,0.9015139947615076,0.5445820382554571,0.46646828376354843,0.9015139947615076
CICIDS,FGSM,10,15,40.918484799796715,3.6923966999165714,5.802229887474198,0.9307013176607802,0.9904838205408786,0.5953675753767369,0.7437039210651799,0.7371294304883234,0.0011622578828291313,0.40463242462326315,0.797102658746954,0.8270920489131846,0.40463242462326315,0.8726790187860383,0.8453220808333882,0.30117807350332987,0.4441211365427416,0.4568523280852202,0.011197769992267525,0.6988219264966702,0.6449901517555312,0.6322572000343258,0.6988219264966702
CICIDS,RANDOM_LINF,10,15,40.918484799796715,3.5896082997787744,6.3296512354433565,0.9307013176607802,0.9904838205408786,0.5953675753767369,0.7437039210651799,0.7371294304883234,0.0011622578828291313,0.40463242462326315,0.797102658746954,0.8270920489131846,0.40463242462326315,0.8674048053063467,0.8347670119696914,0.2678560941519163,0.40557363637980404,0.4254377186407735,0.010772961156243736,0.7321439058480838,0.6285415664978363,0.6131323170779336,0.7321439058480838
CICIDS,RANDOM_L2,10,15,40.918484799796715,3.560747900279239,9.92817628051913,0.9307013176607802,0.9904838205408786,0.5953675753767369,0.7437039210651799,0.7371294304883234,0.0011622578828291313,0.40463242462326315,0.797102658746954,0.8270920489131846,0.40463242462326315,0.8314195548555889,0.5026066267800287,0.16872408649385123,0.2526380583890257,0.21837890798744286,0.03392742928603477,0.8312759135061488,0.5673983286039083,0.4058566286963031,0.8312759135061488
CICIDS,FGSM,10,20,33.627299499930814,2.1870782002806664,5.11434074315037,0.9323932710636298,0.9896234919538908,0.6060207425504176,0.751711879716775,0.7440288482121917,0.0012911324735329775,0.39397925744958245,0.8023648050384423,0.8310889361218976,0.39397925744958245,0.8812498636321261,0.8483444986629173,0.3614324810016561,0.5069021184067473,0.5049843138363715,0.013128502286330702,0.6385675189983439,0.6741519893576626,0.6588078512934362,0.6385675189983439
CICIDS,RANDOM_LINF,10,20,33.627299499930814,2.024516599951312,6.428232811201406,0.9323932710636298,0.9896234919538908,0.6060207425504176,0.751711879716775,0.7440288482121917,0.0012911324735329775,0.39397925744958245,0.8023648050384423,0.8310889361218976,0.39397925744958245,0.8681109429516157,0.8221776840941291,0.2794606467071495,0.41713564403303005,0.43032341118680034,0.01228127118077764,0.7205393532928505,0.6335896877631859,0.6116600642583228,0.7205393532928505
CICIDS,RANDOM_L2,10,20,33.627299499930814,2.1727070997003466,12.57877104280266,0.9323932710636298,0.9896234919538908,0.6060207425504176,0.751711879716775,0.7440288482121917,0.0012911324735329775,0.39397925744958245,0.8023648050384423,0.8310889361218976,0.39397925744958245,0.8066055606356032,0.3735447570332481,0.21443756680252293,0.2724640709179638,0.1789949205521005,0.07307189292908078,0.7855624331974771,0.5706828369367211,0.36032247932080647,0.7855624331974771
CICIDS,FGSM,16,5,84.15027380012907,1.9396752000320703,5.392432029292815,0.9323000450261926,0.9669693862604365,0.6203032687722431,0.75577975743265,0.7425317631490183,0.004305365956106269,0.379696731227757,0.8079989514080683,0.8256971584975339,0.379696731227757,0.8783757247332644,0.9979098737563749,0.28038854109162664,0.43777335619515684,0.4938896921048997,0.00011932832472578351,0.7196114589083734,0.6401346063834503,0.6999117567395827,0.7196114589083734
CICIDS,RANDOM_LINF,16,5,84.15027380012907,1.7253709002397954,9.446772891455147,0.9323000450261926,0.9669693862604365,0.6203032687722431,0.75577975743265,0.7425317631490183,0.004305365956106269,0.379696731227757,0.8079989514080683,0.8256971584975339,0.379696731227757,0.8378323161116411,0.9895773016792125,0.04014611400180881,0.07716185251656452,0.18194575557508355,8.591639380256412e-05,0.9598538859981912,0.5200300988040032,0.5959098461958843,0.9598538859981912
CICIDS,RANDOM_L2,16,5,84.15027380012907,1.8400852004997432,10.085867131077798,0.9323000450261926,0.9669693862604365,0.6203032687722431,0.75577975743265,0.7425317631490183,0.004305365956106269,0.379696731227757,0.8079989514080683,0.8256971584975339,0.379696731227757,0.8314413737154146,0.7247191011235955,0.0030303386227228417,0.0060354406690449735,0.03943968421852161,0.00023388351646253568,0.9969696613772772,0.5013982275531301,0.4480568399125918,0.9969696613772772
CICIDS,FGSM,16,10,77.14846090017818,4.351415000390261,6.311601087769336,0.9403492207691743,0.9070400047307886,0.720633317281152,0.8031626969322102,0.7756175327332491,0.015006730117514534,0.279366682718848,0.8528132935818187,0.8374258237766481,0.279366682718848,0.8772332098914809,0.9739438916979286,0.28054123257261654,0.4356072695439665,0.48591407941453485,0.0015250159899955133,0.7194587674273835,0.6395081082913106,0.6879922184882303,0.7194587674273835
CICIDS,RANDOM_LINF,16,10,77.14846090017818,3.6629294003359973,8.524231827369178,0.9403492207691743,0.9070400047307886,0.720633317281152,0.8031626969322102,0.7756175327332491,0.015006730117514534,0.279366682718848,0.8528132935818187,0.8374258237766481,0.279366682718848,0.8551069024954825,0.9888412711247675,0.14363570161735514,0.25083584599922054,0.3470751948305192,0.0003293461762431625,0.8563642983826448,0.571653177720556,0.6385481713662313,0.8563642983826448
CICIDS,RANDOM_L2,16,10,77.14846090017818,3.765729400096461,10.478606607940865,0.9403492207691743,0.9070400047307886,0.720633317281152,0.8031626969322102,0.7756175327332491,0.015006730117514534,0.279366682718848,0.8528132935818187,0.8374258237766481,0.279366682718848,0.8355631546897656,0.8466542750929368,0.032100447503494285,0.061855670103092786,0.1452285684257191,0.0011813504147852568,0.9678995524965057,0.5154595485443545,0.5211048596072538,0.9678995524965057
CICIDS,FGSM,16,15,68.4716594000347,1.3988104998134077,6.577592824372058,0.9435823790888047,0.9265807927288049,0.7232290724579805,0.8123726029566009,0.7880557603415824,0.011644057926741955,0.27677092754201954,0.8557925072656192,0.8482749149994575,0.27677092754201954,0.8778064508450841,0.9855580771611306,0.28054123257261654,0.436758278932836,0.4898634725097594,0.0008352982730804846,0.7194587674273835,0.639852967149768,0.6937993112198313,0.7194587674273835
CICIDS,RANDOM_LINF,16,15,68.4716594000347,1.3006667003501207,8.01763757287003,0.9435823790888047,0.9265807927288049,0.7232290724579805,0.8123726029566009,0.7880557603415824,0.011644057926741955,0.27677092754201954,0.8557925072656192,0.8482749149994575,0.27677092754201954,0.8634060033601044,0.9831383957727245,0.19449371028553306,0.32474358220078053,0.40406893883396033,0.0006777848844424503,0.8055062897144669,0.5969079627005452,0.6568313897040535,0.8055062897144669
CICIDS,RANDOM_L2,16,15,68.4716594000347,1.25738409999758,10.187622359174132,0.9435823790888047,0.9265807927288049,0.7232290724579805,0.8123726029566009,0.7880557603415824,0.011644057926741955,0.27677092754201954,0.8557925072656192,0.8482749149994575,0.27677092754201954,0.8417061554970634,0.7470593683430583,0.0947391912049707,0.16815376917945296,0.22830790831567668,0.006517713096522295,0.9052608087950293,0.5441107390542241,0.4973376881080256,0.9052608087950293
CICIDS,FGSM,16,20,52.358365499880165,1.5958616994321346,7.156982729380679,0.9444432322855653,0.9276709785603067,0.7277628348935271,0.815646576406395,0.7914997340478213,0.011529502735005203,0.27223716510647294,0.858116666079261,0.8507040673196757,0.27223716510647294,0.8728734049917585,0.8908780270390729,0.2817275279249228,0.428080633215245,0.4577505129897352,0.007011732360887039,0.7182724720750773,0.6373578977820178,0.6469522654330284,0.7182724720750773
CICIDS,RANDOM_LINF,16,20,52.358365499880165,1.390991599764675,6.807880972169055,0.9444432322855653,0.9276709785603067,0.7277628348935271,0.815646576406395,0.7914997340478213,0.011529502735005203,0.27223716510647294,0.858116666079261,0.8507040673196757,0.27223716510647294,0.8763644225638747,0.965659452837893,0.2777692949177228,0.43143693730673455,0.4805633311321637,0.0020071024218876786,0.7222307050822773,0.6378810962479174,0.6826980870907143,0.7222307050822773
CICIDS,RANDOM_L2,16,20,52.358365499880165,1.5244315001182258,10.91716569043799,0.9444432322855653,0.9276709785603067,0.7277628348935271,0.815646576406395,0.7914997340478213,0.011529502735005203,0.27223716510647294,0.858116666079261,0.8507040673196757,0.27223716510647294,0.8352715753811853,0.5420910664680543,0.15815313780993434,0.24486715524923167,0.22677762898534135,0.027144807308621233,0.8418468621900657,0.5655041652506565,0.42120596391850085,0.8418468621900657
CICIDS,FGSM,32,5,169.95066259987652,2.6279304001946002,5.667548016368118,0.9351325297381142,0.9047986660079052,0.6883097053054417,0.7818447437411195,0.7541781269681366,0.014715569005183622,0.31169029469455833,0.836797068150129,0.8228726894382785,0.31169029469455833,0.878457049574433,0.9996231313596583,0.28038854109162664,0.43793799302880204,0.49446494692588744,2.147909845064103e-05,0.7196114589083734,0.640183530996588,0.7007683855412244,0.7196114589083734
CICIDS,RANDOM_LINF,32,5,169.95066259987652,2.517662800149992,9.714748160769293,0.9351325297381142,0.9047986660079052,0.6883097053054417,0.7818447437411195,0.7541781269681366,0.014715569005183622,0.31169029469455833,0.836797068150129,0.8228726894382785,0.31169029469455833,0.8379850481304213,0.9982713915298185,0.040698152433080025,0.07820787721476131,0.18432826595282706,1.4319398967094021e-05,0.9593018475669199,0.5203419165170565,0.6004862973181043,0.9593018475669199
CICIDS,RANDOM_L2,32,5,169.95066259987652,2.5445282000582665,10.345908269546234,0.9351325297381142,0.9047986660079052,0.6883097053054417,0.7818447437411195,0.7541781269681366,0.014715569005183622,0.31169029469455833,0.836797068150129,0.8228726894382785,0.31169029469455833,0.8316734470426519,0.8213457076566125,0.0041579064823406425,0.00827392777842702,0.05094335310011362,0.00018376562007770662,0.9958420935176594,0.5019870704311316,0.4968387175387606,0.9958420935176594
CICIDS,FGSM,32,10,158.82677230006084,2.441336899762973,6.921339043262831,0.946750080828958,0.876360678176207,0.797143494755635,0.8348771696743797,0.8044996617410655,0.022851374184987543,0.2028565052443651,0.8871460602853237,0.8538808831954723,0.2028565052443651,0.8775366903963296,0.9799794871794871,0.2805647235696919,0.43623646291798307,0.48799172290764864,0.0011646444493236471,0.7194352764303081,0.6397000395601842,0.6910197781948357,0.7194352764303081
CICIDS,RANDOM_LINF,32,10,158.82677230006084,2.385317699983716,9.705822263567853,0.946750080828958,0.876360678176207,0.797143494755635,0.8348771696743797,0.8044996617410655,0.022851374184987543,0.2028565052443651,0.8871460602853237,0.8538808831954723,0.2028565052443651,0.8496918581932794,0.9952385990900434,0.11047815924546918,0.1988793741410297,0.3048749302100634,0.00010739549225320515,0.8895218407545308,0.5551853818766079,0.6279678205851095,0.8895218407545308
CICIDS,RANDOM_L2,32,10,158.82677230006084,2.4320136001333594,11.10520459148152,0.946750080828958,0.876360678176207,0.797143494755635,0.8348771696743797,0.8044996617410655,0.022851374184987543,0.2028565052443651,0.8871460602853237,0.8538808831954723,0.2028565052443651,0.8356980349141427,0.9171490593342981,0.02977483879303257,0.05767721238182997,0.14829473387446646,0.0005465237272440884,0.9702251612069674,0.5146141575328942,0.5553858171111352,0.9702251612069674
CICIDS,FGSM,32,15,142.42986640008166,3.7806166000664234,8.034299247646048,0.958815910312585,0.8757032471928473,0.8812060277898496,0.8784460199165169,0.8536604146819771,0.02541454660009737,0.11879397221015046,0.9278957405948761,0.8884853624130484,0.11879397221015046,0.8784729178361245,0.9990800752665691,0.280635196560918,0.4381865864617529,0.49451085763659625,5.250446287934474e-05,0.7193648034390819,0.6402913460490194,0.7005993581358556,0.7193648034390819
CICIDS,RANDOM_LINF,32,15,142.42986640008166,3.629821300273761,9.61438140557095,0.958815910312585,0.8757032471928473,0.8812060277898496,0.8784460199165169,0.8536604146819771,0.02541454660009737,0.11879397221015046,0.9278957405948761,0.8884853624130484,0.11879397221015046,0.8626720962568755,0.9944662065535037,0.1878575036117408,0.31601825690067376,0.4000285896142721,0.00021240441801189465,0.8121424963882592,0.5938225495968645,0.6597375397485259,0.8121424963882592
CICIDS,RANDOM_L2,32,15,142.42986640008166,3.676400699885562,11.378138692574247,0.958815910312585,0.8757032471928473,0.8812060277898496,0.8784460199165169,0.8536604146819771,0.02541454660009737,0.11879397221015046,0.9278957405948761,0.8884853624130484,0.11879397221015046,0.8450345233868425,0.8875870454294241,0.09431635325761402,0.17051366445119231,0.25932329560570067,0.0024271381249224367,0.905683646742386,0.5459446075663458,0.5674258112663358,0.905683646742386
CICIDS,FGSM,32,20,94.95705999992788,2.14789370005019,7.943651802733709,0.9589726093967879,0.8771106612527645,0.8804073338892869,0.8787559056964326,0.8540668879663095,0.02506372132540357,0.11959266611071306,0.9276718062819416,0.8888571626049144,0.11959266611071306,0.8795360913694508,0.9613625193754489,0.29867628231480287,0.4557576843803208,0.49775822520019686,0.002439070957395015,0.7013237176851972,0.6481186056787039,0.68923776994486,0.7013237176851972
CICIDS,RANDOM_LINF,32,20,94.95705999992788,2.1013633001130074,9.095885954803219,0.9589726093967879,0.8771106612527645,0.8804073338892869,0.8787559056964326,0.8540668879663095,0.02506372132540357,0.11959266611071306,0.9276718062819416,0.8888571626049144,0.11959266611071306,0.8680137498487557,0.9955766361117032,0.21941765818250156,0.3595853825202352,0.43386043588608775,0.00019808501904480062,0.7805823418174984,0.6096097865817284,0.6734079556152002,0.7805823418174984
CICIDS,RANDOM_L2,32,20,94.95705999992788,2.2457512004766613,11.332517440211365,0.9589726093967879,0.8771106612527645,0.8804073338892869,0.8787559056964326,0.8540668879663095,0.02506372132540357,0.11959266611071306,0.9276718062819416,0.8888571626049144,0.11959266611071306,0.8456474349946742,0.7128240902220672,0.14402330306909877,0.2396302557137413,0.2728904426036687,0.01178963848290741,0.8559766969309013,0.5661168322930956,0.5007006533510145,0.8559766969309013
CICIDS,C&W,1,5,3.378881399985403,1.8894592002034187,0.0,0.8461512523033774,0.7337982965066041,0.1396422321145421,0.2346335639079938,0.2747697700842623,0.010293261290846085,0.8603577678854579,0.564674485411848,0.5093671498666863,0.8603577678854579,0.8461512523033774,0.7337982965066041,0.1396422321145421,0.2346335639079938,0.2747697700842623,0.010293261290846085,0.8603577678854579,0.564674485411848,0.5093671498666863,0.8603577678854579
CICIDS,C&W,1,10,2.7644281000830233,1.9498508998658508,0.0,0.8485334750898045,0.7926251917050077,0.13961874111746672,0.2374171127266917,0.29152279756771576,0.007422221797943734,0.8603812588825333,0.5660982596597615,0.5387708355000618,0.8603812588825333,0.8485334750898045,0.7926251917050077,0.13961874111746672,0.2374171127266917,0.29152279756771576,0.007422221797943734,0.8603812588825333,0.5660982596597615,0.5387708355000618,0.8603812588825333
CICIDS,C&W,1,15,2.4428785999771208,1.8431942998431623,0.0,0.8461512523033774,0.7337982965066041,0.1396422321145421,0.2346335639079938,0.2747697700842623,0.010293261290846085,0.8603577678854579,0.564674485411848,0.5093671498666863,0.8603577678854579,0.8461512523033774,0.7337982965066041,0.1396422321145421,0.2346335639079938,0.2747697700842623,0.010293261290846085,0.8603577678854579,0.564674485411848,0.5093671498666863,0.8603577678854579
CICIDS,C&W,1,20,2.5635027000680566,1.8514602999202907,0.0,0.8485334750898045,0.7926251917050077,0.13961874111746672,0.2374171127266917,0.29152279756771576,0.007422221797943734,0.8603812588825333,0.5660982596597615,0.5387708355000618,0.8603812588825333,0.8485334750898045,0.7926251917050077,0.13961874111746672,0.2374171127266917,0.29152279756771576,0.007422221797943734,0.8603812588825333,0.5660982596597615,0.5387708355000618,0.8603812588825333
CICIDS,C&W,2,5,7.798438400030136,2.0384318998549134,0.0,0.907638782824987,0.918483803076656,0.4972104440972997,0.6451671899289786,0.6346784375080405,0.008966330319895372,0.5027895559027002,0.7441220568887023,0.7503016659760636,0.5027895559027002,0.907638782824987,0.918483803076656,0.4972104440972997,0.6451671899289786,0.6346784375080405,0.008966330319895372,0.5027895559027002,0.7441220568887023,0.7503016659760636,0.5027895559027002
CICIDS,C&W,2,10,7.485434300033376,1.8866334001068026,0.0,0.9082497109001073,0.9590131035296895,0.47709040510224454,0.6371907697617143,0.6387234343615391,0.0041430794344792035,0.5229095948977555,0.7364736628338827,0.7622051924723923,0.5229095948977555,0.9082497109001073,0.9590131035296895,0.47709040510224454,0.6371907697617143,0.6387234343615391,0.0041430794344792035,0.5229095948977555,0.7364736628338827,0.7622051924723923,0.5229095948977555
CICIDS,C&W,2,15,6.0507306000217795,1.7977910002227873,0.0,0.9085988126573189,0.9593771317008915,0.47905190335803804,0.639018581769185,0.6403180314076392,0.004121600336028562,0.520948096641962,0.7374651515110047,0.7632023307044857,0.520948096641962,0.9085988126573189,0.9593771317008915,0.47905190335803804,0.639018581769185,0.6403180314076392,0.004121600336028562,0.520948096641962,0.7374651515110047,0.7632023307044857,0.520948096641962
CICIDS,C&W,2,20,6.7430649001616985,1.7595032998360693,0.0,0.9097155415738538,0.9640665261185289,0.48339773781698164,0.643922740536185,0.6455797628170233,0.003660993002587038,0.5166022621830184,0.7398683724071973,0.7673529915911619,0.5166022621830184,0.9097155415738538,0.9640665261185289,0.48339773781698164,0.643922740536185,0.6455797628170233,0.003660993002587038,0.5166022621830184,0.7398683724071973,0.7673529915911619,0.5166022621830184
CICIDS,C&W,4,5,20.12927270005457,2.1437372001819313,0.0,0.92298735894603,0.9421457621293414,0.5795581343450122,0.7176537320379313,0.7027572737008013,0.007231296478382481,0.4204418656549877,0.7861634189333149,0.7963532167063458,0.4204418656549877,0.92298735894603,0.9421457621293414,0.5795581343450122,0.7176537320379313,0.7027572737008013,0.007231296478382481,0.4204418656549877,0.7861634189333149,0.7963532167063458,0.4204418656549877
CICIDS,C&W,4,10,16.05602000001818,1.8924028996843845,0.0,0.923568534030479,0.9409438389343021,0.5840684057834835,0.7207490560704994,0.7052104916233854,0.007448474029383406,0.41593159421651654,0.78830996587705,0.7976265525474673,0.41593159421651654,0.923568534030479,0.9409438389343021,0.5840684057834835,0.7207490560704994,0.7052104916233854,0.007448474029383406,0.41593159421651654,0.78830996587705,0.7976265525474673,0.41593159421651654
CICIDS,C&W,4,15,15.786255599930882,1.8187975001055747,0.0,0.9283726502575618,0.984045494036806,0.5853486651240912,0.7340536002297784,0.7271149196591892,0.0019283457275686615,0.41465133487590883,0.7917101596982613,0.8197094072362501,0.41465133487590883,0.9283726502575618,0.984045494036806,0.5853486651240912,0.7340536002297784,0.7271149196591892,0.0019283457275686615,0.41465133487590883,0.7917101596982613,0.8197094072362501,0.41465133487590883
CICIDS,C&W,4,20,15.823594299843535,1.9087514001876116,0.0,0.9279898284442558,0.9781838121536142,0.5866759064588496,0.7334547216634117,0.7252015947527243,0.0026586350748904566,0.41332409354115035,0.7920086356919794,0.8173301173638376,0.41332409354115035,0.9279898284442558,0.9781838121536142,0.5866759064588496,0.7334547216634117,0.7252015947527243,0.0026586350748904566,0.41332409354115035,0.7920086356919794,0.8173301173638376,0.41332409354115035
CICIDS,C&W,8,5,39.375745800090954,2.932929900009185,0.0,0.918191176849793,0.8973189232245334,0.5821891260174538,0.7061932781489977,0.6820574550490385,0.01353660515689288,0.4178108739825462,0.7843262604302804,0.7750331374264825,0.4178108739825462,0.918191176849793,0.8973189232245334,0.5821891260174538,0.7061932781489977,0.6820574550490385,0.01353660515689288,0.4178108739825462,0.7843262604302804,0.7750331374264825,0.4178108739825462
CICIDS,C&W,8,10,35.612348000053316,11.254202201263979,0.0,0.92796800958443,0.8631117060835937,0.6815560436462725,0.7616641180292579,0.7268924838204757,0.021963571449027712,0.3184439563537274,0.8297962360986223,0.7992226443010743,0.3184439563537274,0.92796800958443,0.8631117060835937,0.6815560436462725,0.7616641180292579,0.7268924838204757,0.021963571449027712,0.3184439563537274,0.8297962360986223,0.7992226443010743,0.3184439563537274
CICIDS,C&W,8,15,35.69688290008344,2.720645699650049,0.0,0.929874184520114,0.8770619688868019,0.6800761108305242,0.766109185212628,0.733761409723468,0.019369373669489178,0.3199238891694758,0.8303533685805174,0.8055827718556241,0.3199238891694758,0.929874184520114,0.8770619688868019,0.6800761108305242,0.766109185212628,0.733761409723468,0.019369373669489178,0.3199238891694758,0.8303533685805174,0.8055827718556241,0.3199238891694758
CICIDS,C&W,8,20,29.070239100139588,2.2822331998031586,0.0,0.9339106735878735,0.8659397774137054,0.7201400063425692,0.7863385980775027,0.7520845209977434,0.022653289165942742,0.2798599936574308,0.8487433585883133,0.8166707088357552,0.2798599936574308,0.9339106735878735,0.8659397774137054,0.7201400063425692,0.7863385980775027,0.7520845209977434,0.022653289165942742,0.2798599936574308,0.8487433585883133,0.8166707088357552,0.2798599936574308
CICIDS,C&W,10,5,46.350592300063,5.602243599714711,0.0,0.9233086912452817,0.9345976173109652,0.5869460529252164,0.7210550617568972,0.7039956365474886,0.008345823031321298,0.4130539470747836,0.7893001149469475,0.7956492825495151,0.4130539470747836,0.9233086912452817,0.9345976173109652,0.5869460529252164,0.7210550617568972,0.7039956365474886,0.008345823031321298,0.4130539470747836,0.7893001149469475,0.7956492825495151,0.4130539470747836
CICIDS,C&W,10,10,42.39978630002588,5.354641800513491,0.0,0.9261828301441434,0.9544109838428279,0.5911274504046324,0.7300737646060448,0.7166314612611426,0.005737305852815671,0.40887254959536756,0.7926950722759085,0.80729359573252,0.40887254959536756,0.9261828301441434,0.9544109838428279,0.5911274504046324,0.7300737646060448,0.7166314612611426,0.005737305852815671,0.40887254959536756,0.7926950722759085,0.80729359573252,0.40887254959536756
CICIDS,C&W,10,15,41.30290429992601,7.122329799924046,0.0,0.9307013176607802,0.9904838205408786,0.5953675753767369,0.7437039210651799,0.7371294304883234,0.0011622578828291313,0.40463242462326315,0.797102658746954,0.8270920489131846,0.40463242462326315,0.9307013176607802,0.9904838205408786,0.5953675753767369,0.7437039210651799,0.7371294304883234,0.0011622578828291313,0.40463242462326315,0.797102658746954,0.8270920489131846,0.40463242462326315
CICIDS,C&W,10,20,32.05459340009838,7.438288300065324,0.0,0.9323932710636298,0.9896234919538908,0.6060207425504176,0.751711879716775,0.7440288482121917,0.0012911324735329775,0.39397925744958245,0.8023648050384423,0.8310889361218976,0.39397925744958245,0.9323932710636298,0.9896234919538908,0.6060207425504176,0.751711879716775,0.7440288482121917,0.0012911324735329775,0.39397925744958245,0.8023648050384423,0.8310889361218976,0.39397925744958245
CICIDS,C&W,16,5,80.3014556998387,8.69421390001662,0.0,0.9323000450261926,0.9669693862604365,0.6203032687722431,0.75577975743265,0.7425317631490183,0.004305365956106269,0.379696731227757,0.8079989514080683,0.8256971584975339,0.379696731227757,0.9323000450261926,0.9669693862604365,0.6203032687722431,0.75577975743265,0.7425317631490183,0.004305365956106269,0.379696731227757,0.8079989514080683,0.8256971584975339,0.379696731227757
CICIDS,C&W,16,10,71.29167180019431,5.175882699899375,0.0,0.9403492207691743,0.9070400047307886,0.720633317281152,0.8031626969322102,0.7756175327332491,0.015006730117514534,0.279366682718848,0.8528132935818187,0.8374258237766481,0.279366682718848,0.9403492207691743,0.9070400047307886,0.720633317281152,0.8031626969322102,0.7756175327332491,0.015006730117514534,0.279366682718848,0.8528132935818187,0.8374258237766481,0.279366682718848
CICIDS,C&W,16,15,63.04548739991151,5.765878699719906,0.0,0.9435823790888047,0.9265807927288049,0.7232290724579805,0.8123726029566009,0.7880557603415824,0.011644057926741955,0.27677092754201954,0.8557925072656192,0.8482749149994575,0.27677092754201954,0.9435823790888047,0.9265807927288049,0.7232290724579805,0.8123726029566009,0.7880557603415824,0.011644057926741955,0.27677092754201954,0.8557925072656192,0.8482749149994575,0.27677092754201954
CICIDS,C&W,16,20,50.54228389984928,6.7815481999423355,0.0,0.9444432322855653,0.9276709785603067,0.7277628348935271,0.815646576406395,0.7914997340478213,0.011529502735005203,0.27223716510647294,0.858116666079261,0.8507040673196757,0.27223716510647294,0.9444432322855653,0.9276709785603067,0.7277628348935271,0.815646576406395,0.7914997340478213,0.011529502735005203,0.27223716510647294,0.858116666079261,0.8507040673196757,0.27223716510647294
CICIDS,C&W,32,5,159.7333973001223,8.171179100172594,0.0,0.9351325297381142,0.9047986660079052,0.6883097053054417,0.7818447437411195,0.7541781269681366,0.014715569005183622,0.31169029469455833,0.836797068150129,0.8228726894382785,0.31169029469455833,0.9351325297381142,0.9047986660079052,0.6883097053054417,0.7818447437411195,0.7541781269681366,0.014715569005183622,0.31169029469455833,0.836797068150129,0.8228726894382785,0.31169029469455833
CICIDS,C&W,32,10,147.90858649997972,3.8097258997149765,0.0,0.946750080828958,0.876360678176207,0.797143494755635,0.8348771696743797,0.8044996617410655,0.022851374184987543,0.2028565052443651,0.8871460602853237,0.8538808831954723,0.2028565052443651,0.946750080828958,0.876360678176207,0.797143494755635,0.8348771696743797,0.8044996617410655,0.022851374184987543,0.2028565052443651,0.8871460602853237,0.8538808831954723,0.2028565052443651
CICIDS,C&W,32,15,140.65636479994282,6.25569530017674,0.0,0.958815910312585,0.8757032471928473,0.8812060277898496,0.8784460199165169,0.8536604146819771,0.02541454660009737,0.11879397221015046,0.9278957405948761,0.8884853624130484,0.11879397221015046,0.958815910312585,0.8757032471928473,0.8812060277898496,0.8784460199165169,0.8536604146819771,0.02541454660009737,0.11879397221015046,0.9278957405948761,0.8884853624130484,0.11879397221015046
CICIDS,C&W,32,20,89.07732699997723,3.6541538001038134,0.0,0.9589726093967879,0.8771106612527645,0.8804073338892869,0.8787559056964326,0.8540668879663095,0.02506372132540357,0.11959266611071306,0.9276718062819416,0.8888571626049144,0.11959266611071306,0.9589726093967879,0.8771106612527645,0.8804073338892869,0.8787559056964326,0.8540668879663095,0.02506372132540357,0.11959266611071306,0.9276718062819416,0.8888571626049144,0.11959266611071306
