Dataset,Attack,Resolution,AddressSize,TrainTime_s,InferTime_Adv_s,Acc_Drop_pp,Clean_Acc,Clean_Precision,Clean_Recall,Clean_F1,Clean_MCC,Clean_FAR,Clean_ASR,Clean_AUC,Clean_PR_AUC,Clean_F1_Macro,Clean_Miss_bots,Clean_Miss_brute force,Clean_Miss_ddos,Clean_Miss_dos,Clean_Miss_port scanning,Clean_Miss_web attacks,Adv_Acc,Adv_Precision,Adv_Recall,Adv_F1,Adv_MCC,Adv_FAR,Adv_ASR,Adv_AUC,Adv_PR_AUC,Adv_F1_Macro,Adv_Miss_bots,Adv_Miss_brute force,Adv_Miss_ddos,Adv_Miss_dos,Adv_Miss_port scanning,Adv_Miss_web attacks
CICIDS,FGSM,1,5,3.352468099910766,1.4699159997981042,6.901107009606255,0.8988120622591248,0.8638202120988706,0.8988120622591248,0.8708555697190022,0.6093828206505854,0.005983122201750785,0.5696566790777434,0.6698652803724351,0.41302984036549123,0.45951681131992633,1.0,0.23770491803278687,0.15259930476897238,0.6505458205373041,0.9996140911847401,1.0,0.8298009921630622,0.7273459169628865,0.8298009921630622,0.7539837125220137,-0.006345331524397381,0.0016968487776006416,0.9994831980643418,0.4999656812850356,0.14305539880372956,0.1302026761051593,1.0,0.9994535519125683,0.9983205093153146,1.0,1.0,1.0
CICIDS,RANDOM_LINF,1,5,3.352468099910766,0.8685211995616555,6.771185617007614,0.8988120622591248,0.8638202120988706,0.8988120622591248,0.8708555697190022,0.6093828206505854,0.005983122201750785,0.5696566790777434,0.6698652803724351,0.41302984036549123,0.45951681131992633,1.0,0.23770491803278687,0.15259930476897238,0.6505458205373041,0.9996140911847401,1.0,0.8311002060890487,0.6939512245445963,0.8311002060890487,0.7544726874896289,0.002382371452631162,3.1025364428703715e-05,0.9998825450146231,0.5000057291009637,0.1428589412510611,0.12969245754790376,1.0,1.0,0.9999609420771003,0.9997935430591757,1.0,0.9976689976689976
CICIDS,RANDOM_L2,1,5,3.352468099910766,0.8594814999960363,6.77078891046532,0.8988120622591248,0.8638202120988706,0.8988120622591248,0.8708555697190022,0.6093828206505854,0.005983122201750785,0.5696566790777434,0.6698652803724351,0.41302984036549123,0.45951681131992633,1.0,0.23770491803278687,0.15259930476897238,0.6505458205373041,0.9996140911847401,1.0,0.8311041731544716,0.7009264133579608,0.8311041731544716,0.754469752227215,0.0010228161807897475,2.625223143967237e-05,0.9999530180058492,0.5000022515341775,0.1428583910895857,0.12969195752031523,1.0,1.0,0.9999609420771003,0.999974192882397,0.9998897403384972,1.0
CICIDS,FGSM,1,10,2.9343912000767887,1.3546263000462204,8.683311150825846,0.9147894182496911,0.9094406565499285,0.9147894182496911,0.8916695963102551,0.6821124370709499,0.006720571248556127,0.4714173293085425,0.7101635977594002,0.47786547498930404,0.5094435765912286,1.0,0.041530054644808745,0.006639846892942234,0.553640093937908,0.9713324880092619,1.0,0.8279563067414326,0.6996757348704393,0.8279563067414326,0.7537750503883135,0.010975246640255409,0.004011818277280842,0.9908385111406054,0.5002419210652969,0.14302778633070784,0.1304041628427119,1.0,0.9994535519125683,0.998281451392415,0.9989677152958786,0.9616847676277633,1.0
CICIDS,RANDOM_LINF,1,10,2.9343912000767887,1.303527700016275,8.824141973337351,0.9147894182496911,0.9094406565499285,0.9147894182496911,0.8916695963102551,0.6821124370709499,0.006720571248556127,0.4714173293085425,0.7101635977594002,0.47786547498930404,0.5094435765912286,1.0,0.041530054644808745,0.006639846892942234,0.553640093937908,0.9713324880092619,1.0,0.8265479985163176,0.7029961361626593,0.8265479985163176,0.7535153972001426,0.0061410818030841205,0.006164501255333976,0.9922009889709769,0.5002900518305126,0.14292302021588674,0.1317062642535304,0.9974293059125964,0.9972677595628415,0.992305589188767,0.9909675088389378,0.9939908484480953,0.9953379953379954
CICIDS,RANDOM_L2,1,10,2.9343912000767887,1.2750228997319937,8.826720565862212,0.9147894182496911,0.9094406565499285,0.9147894182496911,0.8916695963102551,0.6821124370709499,0.006720571248556127,0.4714173293085425,0.7101635977594002,0.47786547498930404,0.5094435765912286,1.0,0.041530054644808745,0.006639846892942234,0.553640093937908,0.9713324880092619,1.0,0.826522212591069,0.7034980842866797,0.826522212591069,0.7531668556032527,0.0010524518665746096,0.005990281901234332,0.9935869577984238,0.5000076304814778,0.14286725112332613,0.1309033292806037,1.0,0.9961748633879781,0.9933601531070577,0.9934191850112261,0.9938805887865925,0.993006993006993
CICIDS,FGSM,1,15,2.543472700053826,1.474886099807918,37.131732357964175,0.9341090268590164,0.9318940154214846,0.9341090268590164,0.9246947565340293,0.7621488173056684,0.006863765238227067,0.3563114436392253,0.754530850756859,0.5501784988764588,0.6020306422895343,1.0,0.030601092896174863,0.0072647736593367965,0.5148778032981496,0.5140856717569877,1.0,0.5627917032793747,0.6546798832997938,0.5627917032793747,0.6026485652990525,-0.10518782842137143,0.32376161064599585,0.9383713691727645,0.5051785799272482,0.13799682077002765,0.10528467325260245,0.38817480719794345,0.9562841530054644,0.9771901730265985,0.8908100854215593,0.9974640277854347,0.8414918414918415
CICIDS,RANDOM_LINF,1,15,2.543472700053826,1.296071799704805,37.29299356740341,0.9341090268590164,0.9318940154214846,0.9341090268590164,0.9246947565340293,0.7621488173056684,0.006863765238227067,0.3563114436392253,0.754530850756859,0.5501784988764588,0.6020306422895343,1.0,0.030601092896174863,0.0072647736593367965,0.5148778032981496,0.5140856717569877,1.0,0.5611790911849823,0.7016830562124331,0.5611790911849823,0.6208572295397474,-0.008217261996659793,0.3308520997012019,0.7079246878633764,0.5016088993051285,0.14279690869686837,0.12093067907412117,0.6580976863753213,0.653551912568306,0.698629066906222,0.7419030168520478,0.6559898561111417,0.6666666666666666
CICIDS,RANDOM_L2,1,15,2.543472700053826,1.271043200045824,37.77042989104454,0.9341090268590164,0.9318940154214846,0.9341090268590164,0.9246947565340293,0.7621488173056684,0.006863765238227067,0.3563114436392253,0.754530850756859,0.5501784988764588,0.6020306422895343,1.0,0.030601092896174863,0.0072647736593367965,0.5148778032981496,0.5140856717569877,1.0,0.556404727948571,0.7017760136828896,0.556404727948571,0.618242516898589,-0.0028981321482952215,0.334754135919735,0.6804989487778809,0.5023138087170312,0.1427812204505155,0.11672457913021021,0.6426735218508998,0.6781420765027323,0.6710541733390618,0.7001212934527342,0.6535641435580792,0.655011655011655
CICIDS,FGSM,1,20,2.528296099975705,1.5896091000176966,56.81908793198863,0.953281854047696,0.9546762844662846,0.953281854047696,0.951967955980319,0.8426184206907031,0.024342978244059836,0.15653225901173376,0.8361973492861905,0.6483247398096018,0.7125711230458087,0.6889460154241646,0.027868852459016394,0.004335429441862282,0.31069188882293736,0.023650697392359005,1.0,0.38509097472780973,0.6757355486090277,0.38509097472780973,0.4842379638817979,-0.06386416297542127,0.5402566036294904,0.6525446622581895,0.5082612678331603,0.14047486287978123,0.09133373045248297,0.2185089974293059,0.011475409836065573,0.9300472600867086,0.44654055588531316,0.7897899553448371,0.023310023310023312
CICIDS,RANDOM_LINF,1,20,2.528296099975705,1.3757507996633649,79.70250976393977,0.953281854047696,0.9546762844662846,0.953281854047696,0.951967955980319,0.8426184206907031,0.024342978244059836,0.15653225901173376,0.8361973492861905,0.6483247398096018,0.7125711230458087,0.6889460154241646,0.027868852459016394,0.004335429441862282,0.31069188882293736,0.023650697392359005,1.0,0.1562567564082983,0.6936152294661467,0.1562567564082983,0.25386379337631376,-0.007924805538346503,0.8145208251792312,0.20715535770915797,0.498965564717671,0.14259823890892348,0.05004176451923451,0.18766066838046272,0.16666666666666666,0.18724368238097097,0.23794162429998195,0.17404487568223165,0.20512820512820512
CICIDS,RANDOM_L2,1,20,2.528296099975705,1.3314111998770386,80.18966539786692,0.953281854047696,0.9546762844662846,0.953281854047696,0.951967955980319,0.8426184206907031,0.024342978244059836,0.15653225901173376,0.8361973492861905,0.6483247398096018,0.7125711230458087,0.6889460154241646,0.027868852459016394,0.004335429441862282,0.31069188882293736,0.023650697392359005,1.0,0.15138520006902695,0.6962729192634401,0.15138520006902695,0.24756250568583996,-0.0031630886093082992,0.8197378595362425,0.18790448560589154,0.503931926003814,0.1427203652233489,0.04673639555267623,0.12339331619537275,0.17595628415300546,0.17728391204155763,0.20382461482876976,0.17156403329841777,0.18414918414918416
CICIDS,FGSM,2,5,8.052289899904281,1.0540096000768244,7.596533578233511,0.9071468667125524,0.9146280806375063,0.9071468667125524,0.8839339486019382,0.651878323969735,0.0005608431262111825,0.5467764479263323,0.6967436534082471,0.46869203456404707,0.5303596303893128,1.0,0.3185792349726776,0.47998281451392416,0.8036852563937134,0.0948233088924417,1.0,0.8311815309302173,0.8184555194000992,0.8311815309302173,0.754627213336996,0.017208380080428888,9.546265978062681e-06,0.9996123985482563,0.500103337393375,0.14300921543285328,0.12999356813708524,1.0,1.0,0.9993360153107058,0.9995870861183515,1.0,1.0
CICIDS,RANDOM_LINF,2,5,8.052289899904281,0.9202350999694318,7.602682529638938,0.9071468667125524,0.9146280806375063,0.9071468667125524,0.8839339486019382,0.651878323969735,0.0005608431262111825,0.5467764479263323,0.6967436534082471,0.46869203456404707,0.5303596303893128,1.0,0.3185792349726776,0.47998281451392416,0.8036852563937134,0.0948233088924417,1.0,0.831120041416163,0.7099826296892608,0.831120041416163,0.7544751675430373,0.0009254829958369419,7.159699483547011e-06,0.9999882545014623,0.5000017104911757,0.1428578731279551,0.12968910373861015,1.0,1.0,1.0,0.999974192882397,1.0,1.0
CICIDS,RANDOM_L2,2,5,8.052289899904281,0.9186020996421576,7.6030792361812205,0.9071468667125524,0.9146280806375063,0.9071468667125524,0.8839339486019382,0.651878323969735,0.0005608431262111825,0.5467764479263323,0.6967436534082471,0.46869203456404707,0.5303596303893128,1.0,0.3185792349726776,0.47998281451392416,0.8036852563937134,0.0948233088924417,1.0,0.8311160743507402,0.7017484528041715,0.8311160743507402,0.7544740178284876,0.0008803681167347415,1.1932832472578351e-05,0.9999765090029247,0.5000017480858437,0.14285761792422721,0.12968890560284027,1.0,1.0,1.0,0.999974192882397,0.9999448701692486,1.0
CICIDS,FGSM,2,10,7.118230000138283,0.897632600273937,13.446169897510863,0.9658157972512204,0.9661903596219149,0.9658157972512204,0.9626884802227259,0.8822663038366972,0.000630053554552137,0.1991566732049942,0.815318295702859,0.6564843465333366,0.7170366683096662,0.7352185089974294,0.18415300546448088,0.04964262000546811,0.3446798627061344,0.07040079386956281,1.0,0.8313540982761117,0.8044267185677314,0.8313540982761117,0.7552150017605558,0.03486894701789427,0.00011694175823126784,0.9980267562456688,0.5004696892458075,0.143460187981298,0.1310727458384521,1.0,1.0,0.9983205093153146,0.9968257245348267,0.9998897403384972,1.0
CICIDS,RANDOM_LINF,2,10,7.118230000138283,0.8602367001585662,13.670507447173563,0.9658157972512204,0.9661903596219149,0.9658157972512204,0.9626884802227259,0.8822663038366972,0.000630053554552137,0.1991566732049942,0.815318295702859,0.6564843465333366,0.7170366683096662,0.7352185089974294,0.18415300546448088,0.04964262000546811,0.3446798627061344,0.07040079386956281,1.0,0.8291107227794847,0.7116731984075946,0.8291107227794847,0.7545758583535004,0.014641191581669556,0.002997527517111682,0.994174232725308,0.5004909036310482,0.14300544159087886,0.13155715674419716,0.9948586118251928,0.9972677595628415,0.9933992110299574,0.9930836924823866,0.9972986382931804,0.993006993006993
CICIDS,RANDOM_L2,2,10,7.118230000138283,0.8703869001474231,13.712359987384726,0.9658157972512204,0.9661903596219149,0.9658157972512204,0.9626884802227259,0.8822663038366972,0.000630053554552137,0.1991566732049942,0.815318295702859,0.6564843465333366,0.7170366683096662,0.7352185089974294,0.18415300546448088,0.04964262000546811,0.3446798627061344,0.07040079386956281,1.0,0.8286921973773731,0.7036514403409183,0.8286921973773731,0.7540225810293534,0.005667751728108653,0.0032958483289261403,0.9955602015527549,0.5002045870434627,0.14290229718847372,0.13092197445650106,1.0,0.9961748633879781,0.9951177596375425,0.9952514903610415,0.996581950493412,1.0
CICIDS,FGSM,2,15,6.314619600074366,1.2771102001424879,29.69645998916991,0.972105579479164,0.9710438942286319,0.972105579479164,0.9696402607094475,0.9044884317479339,0.001071568356037536,0.15892834071342157,0.8149672520219546,0.64931008383349,0.6760482860443963,1.0,0.05683060109289618,0.006405499355544272,0.284549278691063,0.0782292298362644,1.0,0.6751409795874649,0.6994144429090874,0.6751409795874649,0.6770609758184032,-0.0660977429371385,0.19019741678042634,0.932604329390761,0.48169516564510945,0.14138914362015437,0.12296747305681974,0.6683804627249358,0.966120218579235,0.8340819435222435,0.9717412062246767,0.9902420199569988,0.9370629370629371
CICIDS,RANDOM_LINF,2,15,6.314619600074366,1.2307537999004126,33.32235778566343,0.972105579479164,0.9710438942286319,0.972105579479164,0.9696402607094475,0.9044884317479339,0.001071568356037536,0.15892834071342157,0.8149672520219546,0.64931008383349,0.6760482860443963,1.0,0.05683060109289618,0.006405499355544272,0.284549278691063,0.0782292298362644,1.0,0.6388820016225297,0.6997059571007326,0.6388820016225297,0.6653299875617406,-0.010474635510086004,0.23707912899869216,0.8014540927189655,0.4994354182613831,0.14260556642528796,0.13042908199927467,0.7840616966580977,0.7284153005464481,0.7872905518884505,0.8361248032207282,0.7567671867247368,0.7319347319347319
CICIDS,RANDOM_L2,2,15,6.314619600074366,1.2109703000169247,34.05229782346956,0.972105579479164,0.9710438942286319,0.972105579479164,0.9696402607094475,0.9044884317479339,0.001071568356037536,0.15892834071342157,0.8149672520219546,0.64931008383349,0.6760482860443963,1.0,0.05683060109289618,0.006405499355544272,0.284549278691063,0.0782292298362644,1.0,0.6315826012444684,0.7010381958645895,0.6315826012444684,0.6618487010434383,-0.00696474303363727,0.24537483413362862,0.7824968580791412,0.5017865835758686,0.14265238211511067,0.1281819763017333,0.7532133676092545,0.7387978142076502,0.7650665937585439,0.8103176856176934,0.7538453056949115,0.7342657342657343
CICIDS,FGSM,2,20,6.465709300013259,1.2795445998199284,50.84944788366978,0.9794942388292397,0.9788824544098602,0.9794942388292397,0.9782487307147365,0.9301742444940995,0.00122908174467557,0.11438941025851843,0.8432079632092909,0.6993639458569396,0.7460613093885675,0.7197943444730077,0.08360655737704918,0.018825918837636214,0.18501122609615733,0.06764430233199184,0.9976689976689976,0.4709997599925419,0.7060545474702489,0.4709997599925419,0.5574668590195165,-0.01675655131169717,0.43407587372199363,0.6097675565839392,0.48857252399930085,0.14210277032896898,0.09785780710586953,0.35732647814910024,0.6557377049180327,0.22493457797914307,0.7909623474154172,0.7727548376426484,0.351981351981352
CICIDS,RANDOM_LINF,2,20,6.465709300013259,1.3519032001495361,74.38604703749472,0.9794942388292397,0.9788824544098602,0.9794942388292397,0.9782487307147365,0.9301742444940995,0.00122908174467557,0.11438941025851843,0.8432079632092909,0.6993639458569396,0.7460613093885675,0.7197943444730077,0.08360655737704918,0.018825918837636214,0.18501122609615733,0.06764430233199184,0.9976689976689976,0.23563376845429246,0.6682589929539238,0.23563376845429246,0.34748211201948925,-0.034187912849767924,0.7225401659141027,0.3853932980185344,0.4959704683142739,0.1415733819011788,0.07526941685719221,0.2853470437017995,0.24098360655737705,0.3430457368277155,0.4829802059407985,0.2572357902861238,0.22377622377622378
CICIDS,RANDOM_L2,2,20,6.465709300013259,1.3196285997983068,75.46766742503735,0.9794942388292397,0.9788824544098602,0.9794942388292397,0.9782487307147365,0.9301742444940995,0.00122908174467557,0.11438941025851843,0.8432079632092909,0.6993639458569396,0.7460613093885675,0.7197943444730077,0.08360655737704918,0.018825918837636214,0.18501122609615733,0.06764430233199184,0.9976689976689976,0.22481756457886626,0.678190253815033,0.22481756457886626,0.3367791703354049,-0.023041262809584528,0.7347617729325174,0.3388693783107624,0.4981334527408606,0.14202232365723116,0.07069119073987366,0.26735218508997427,0.2530054644808743,0.3004335429441862,0.4085782858912488,0.25707040079386956,0.2261072261072261
CICIDS,FGSM,4,5,21.62600289983675,1.1955450000241399,9.801031833716479,0.929251355248725,0.9294070657879829,0.929251355248725,0.9190524286252204,0.7429398969302079,0.00033889244222122517,0.41725883555127496,0.6777644279349253,0.41301846489068644,0.46700938678659204,1.0,1.0,0.38315822364566654,0.4941546878629126,0.2160538067148134,1.0,0.8312410369115603,0.8127310468503576,0.8312410369115603,0.754766767666433,0.024533653364495395,7.159699483547011e-06,0.9992717790906634,0.5001889947566757,0.1431197051256304,0.13024155042252145,1.0,1.0,0.9990235519275085,0.9990451366486877,1.0,1.0
CICIDS,RANDOM_LINF,4,5,21.62600289983675,1.1382398998830467,9.822453986999925,0.929251355248725,0.9294070657879829,0.929251355248725,0.9190524286252204,0.7429398969302079,0.00033889244222122517,0.41725883555127496,0.6777644279349253,0.41301846489068644,0.46700938678659204,1.0,1.0,0.38315822364566654,0.4941546878629126,0.2160538067148134,1.0,0.8310268153787258,0.697754141515026,0.8310268153787258,0.7544519990851627,0.00017506468045619449,0.00013126115719836186,0.9998707995160855,0.500001704373456,0.14285741231196258,0.12971851179682847,1.0,1.0,0.999882826231301,0.9998451572943818,0.9998897403384972,1.0
CICIDS,RANDOM_L2,4,5,21.62600289983675,1.1387690999545157,9.819677041203922,0.929251355248725,0.9294070657879829,0.929251355248725,0.9190524286252204,0.7429398969302079,0.00033889244222122517,0.41725883555127496,0.6777644279349253,0.41301846489068644,0.46700938678659204,1.0,1.0,0.38315822364566654,0.4941546878629126,0.2160538067148134,1.0,0.8310545848366858,0.6981627997012833,0.8310545848366858,0.7544636147038866,0.0010655238816272275,9.546265978062681e-05,0.9998590540175478,0.5000052522105424,0.14285841050733203,0.12971384018274051,1.0,1.0,0.999882826231301,0.9998709644119849,0.9998346105077457,0.9976689976689976
CICIDS,FGSM,4,10,17.58527999999933,1.1633435999974608,13.700855497658448,0.9683269496638904,0.9677320118750109,0.9683269496638904,0.9663083913943343,0.8906290534090897,0.0004224222695292736,0.18537920342028918,0.7948745110853708,0.614376558326015,0.6572001543989989,1.0,0.13879781420765028,0.13971019021208453,0.18235309298304472,0.2242681514967749,1.0,0.831318394687306,0.7881256119609211,0.831318394687306,0.7552917788398372,0.033845757902921436,0.00022195068398995734,0.997756609779302,0.5005219546143393,0.14341208693337615,0.1312529774283771,1.0,1.0,0.9983595672382143,0.9961547394771478,1.0,1.0
CICIDS,RANDOM_LINF,4,10,17.58527999999933,1.078135299962014,13.758576299561053,0.9683269496638904,0.9677320118750109,0.9683269496638904,0.9663083913943343,0.8906290534090897,0.0004224222695292736,0.18537920342028918,0.7948745110853708,0.614376558326015,0.6572001543989989,1.0,0.13879781420765028,0.13971019021208453,0.18235309298304472,0.2242681514967749,1.0,0.8307411866682799,0.698110269540702,0.8307411866682799,0.7543991084791223,0.0011187435954083955,0.0005202714958044161,0.9994009795745781,0.5000142901508802,0.14286043250925093,0.1298355056110211,0.9974293059125964,0.9994535519125683,0.9994141311565051,0.9993548220599241,0.9995038315232372,1.0
CICIDS,RANDOM_L2,4,10,17.58527999999933,1.0254680002108216,13.760956538814762,0.9683269496638904,0.9677320118750109,0.9683269496638904,0.9663083913943343,0.8906290534090897,0.0004224222695292736,0.18537920342028918,0.7948745110853708,0.614376558326015,0.6572001543989989,1.0,0.13879781420765028,0.13971019021208453,0.18235309298304472,0.2242681514967749,1.0,0.8307173842757428,0.7029734086822552,0.8307173842757428,0.7543997296742915,0.0015742212383854676,0.0005536834267276355,0.9993070155862765,0.5000201874042816,0.14286171239277637,0.12985264834324325,1.0,0.9994535519125683,0.9992578994649065,0.9993290149423211,0.9992833122002316,1.0
CICIDS,FGSM,4,15,16.451852099969983,0.9365237997844815,15.68696680161301,0.9844967083274654,0.9847233143484059,0.9844967083274654,0.9835493714686127,0.9474386568009834,0.0005107252298263534,0.08927753438494697,0.8319322756404033,0.6748263388865533,0.7251821473439899,0.8483290488431876,0.24098360655737705,0.019802366910127718,0.116777207153733,0.07640994542146756,0.9603729603729604,0.8276270403113353,0.7078757864107285,0.8276270403113353,0.753532151263911,-0.0019439769922695695,0.004684830028734261,0.9967112604094481,0.5000000939823225,0.14287354773871147,0.13097493570790114,1.0,0.9918032786885246,0.998281451392415,0.9947611551265839,0.9990076630464745,1.0
CICIDS,RANDOM_LINF,4,15,16.451852099969983,0.9636335000395775,18.41531604618457,0.9844967083274654,0.9847233143484059,0.9844967083274654,0.9835493714686127,0.9474386568009834,0.0005107252298263534,0.08927753438494697,0.8319322756404033,0.6748263388865533,0.7251821473439899,0.8483290488431876,0.24098360655737705,0.019802366910127718,0.116777207153733,0.07640994542146756,0.9603729603729604,0.8003435478656197,0.7051298258270239,0.8003435478656197,0.7445484411630006,0.005492370277944874,0.039898618655312974,0.9597246855142767,0.5013549096107822,0.14303319514048574,0.13660101984199122,0.9537275064267352,0.9650273224043716,0.9545756356676952,0.9625022581227902,0.9608578201664921,0.951048951048951
CICIDS,RANDOM_L2,4,15,16.451852099969983,0.9619497999083251,18.973085444638617,0.9844967083274654,0.9847233143484059,0.9844967083274654,0.9835493714686127,0.9474386568009834,0.0005107252298263534,0.08927753438494697,0.8319322756404033,0.6748263388865533,0.7251821473439899,0.8483290488431876,0.24098360655737705,0.019802366910127718,0.116777207153733,0.07640994542146756,0.9603729603729604,0.7947658538810792,0.7016820533602036,0.7947658538810792,0.741433540673442,-7.65219151006122e-05,0.04609891840806469,0.9556489975216999,0.4992661404223271,0.14286249344153973,0.13459787440933826,0.9717223650385605,0.9584699453551913,0.9510604226067257,0.959379596892823,0.9540217211533161,0.9347319347319347
CICIDS,FGSM,4,20,15.401306900195777,1.2204163002315909,36.66381699133792,0.9911851806304064,0.9912525051559562,0.9911851806304064,0.9905715340733828,0.9703182156865995,0.0005441371607495728,0.04941331234804261,0.8670911262425197,0.7395073978817575,0.7786643809735017,0.6889460154241646,0.053551912568306013,0.00988165449361403,0.07269865028774936,0.019681349578256794,0.965034965034965,0.6245470107170272,0.698627793139584,0.6245470107170272,0.6582831016920124,0.00875536620620492,0.24948927477017366,0.7224068875603425,0.5158437899231261,0.14342591023328577,0.11513219567852552,0.23136246786632392,0.03770491803278689,0.945397023786275,0.5553433636997084,0.8590881525993715,0.09090909090909091
CICIDS,RANDOM_LINF,4,20,15.401306900195777,1.2759531997144222,47.79004702956059,0.9911851806304064,0.9912525051559562,0.9911851806304064,0.9905715340733828,0.9703182156865995,0.0005441371607495728,0.04941331234804261,0.8670911262425197,0.7395073978817575,0.7786643809735017,0.6889460154241646,0.053551912568306013,0.00988165449361403,0.07269865028774936,0.019681349578256794,0.965034965034965,0.5132847103348005,0.7029857303132918,0.5132847103348005,0.5909872751354476,-0.006073098462696546,0.3890103386060542,0.6460728925639249,0.5017484597916478,0.1428828832924484,0.11918044190246858,0.6195372750642674,0.5901639344262295,0.6614459243057454,0.6671397971560556,0.5879045151331386,0.5477855477855478
CICIDS,RANDOM_L2,4,20,15.401306900195777,1.2586874002590775,50.72369190976514,0.9911851806304064,0.9912525051559562,0.9911851806304064,0.9905715340733828,0.9703182156865995,0.0005441371607495728,0.04941331234804261,0.8670911262425197,0.7395073978817575,0.7786643809735017,0.6889460154241646,0.053551912568306013,0.00988165449361403,0.07269865028774936,0.019681349578256794,0.965034965034965,0.48394826153275505,0.7033562767545023,0.48394826153275505,0.5715239291717172,-0.0016937634053478244,0.4232933662997718,0.5937114600829232,0.5021973524525275,0.14292566894654257,0.11290258047179384,0.5604113110539846,0.5639344262295082,0.6127016365269695,0.5969702443934037,0.5641435580792767,0.5734265734265734
CICIDS,FGSM,8,5,41.2322256998159,4.057542100315914,12.44646941095029,0.9559576396754147,0.9564397629981337,0.9559576396754147,0.9515920487851183,0.8455859931035711,0.00039617003808960124,0.25884729677351154,0.7244988664494354,0.4839660734736291,0.5343941869388478,1.0,0.9131147540983606,0.2820372612584463,0.2441095254071073,0.15816748442582282,1.0,0.8314929455659118,0.8152471356719613,0.8314929455659118,0.7553871724100935,0.04350024244313242,1.670596546160969e-05,0.9977331187822267,0.5005561209154993,0.14361586982918093,0.13128863799555274,1.0,1.0,0.9983205093153146,0.9961289323595448,1.0,1.0
CICIDS,RANDOM_LINF,8,5,41.2322256998159,3.8202208005823195,12.483561472654026,0.9559576396754147,0.9564397629981337,0.9559576396754147,0.9515920487851183,0.8455859931035711,0.00039617003808960124,0.25884729677351154,0.7244988664494354,0.4839660734736291,0.5343941869388478,1.0,0.9131147540983606,0.2820372612584463,0.2441095254071073,0.15816748442582282,1.0,0.8311220249488744,0.6907668390714623,0.8311220249488744,0.7544723502871171,-0.0004472194880564281,2.3865664945156702e-06,1.0,0.4999996760538171,0.1428570950041545,0.12968192860129488,1.0,1.0,1.0,1.0,1.0,1.0
CICIDS,RANDOM_L2,8,5,41.2322256998159,3.87111460021697,12.483363119382885,0.9559576396754147,0.9564397629981337,0.9559576396754147,0.9515920487851183,0.8455859931035711,0.00039617003808960124,0.25884729677351154,0.7244988664494354,0.4839660734736291,0.5343941869388478,1.0,0.9131147540983606,0.2820372612584463,0.2441095254071073,0.15816748442582282,1.0,0.8311240084815859,0.6907671174744993,0.8311240084815859,0.7544733336190603,0.0,0.0,1.0,0.5,0.14285714285714285,0.12968209762058736,1.0,1.0,1.0,1.0,1.0,1.0
CICIDS,FGSM,8,10,38.11911690002307,2.2187384001445025,14.197135382058157,0.9734801676481848,0.9733741232833523,0.9734801676481848,0.9718849285233226,0.9090018509285535,0.00040332973757314824,0.15505232619598538,0.807477736397279,0.635308306123696,0.671568199726965,0.9922879177377892,0.12349726775956284,0.13096121548256065,0.16965599112235155,0.12310491206791996,1.0,0.8315088138276032,0.8218026285271404,0.8315088138276032,0.7554027005200168,0.0445990587847415,2.3865664945156702e-06,0.9977096277851514,0.5006006178927473,0.1437188065714125,0.13145346221621995,1.0,0.9994535519125683,0.9983205093153146,0.9961031252419418,1.0,1.0
CICIDS,RANDOM_LINF,8,10,38.11911690002307,2.2304506001528352,14.235814269931035,0.9734801676481848,0.9733741232833523,0.9734801676481848,0.9718849285233226,0.9090018509285535,0.00040332973757314824,0.15505232619598538,0.807477736397279,0.635308306123696,0.671568199726965,0.9922879177377892,0.12349726775956284,0.13096121548256065,0.16965599112235155,0.12310491206791996,1.0,0.8311220249488744,0.709989480612735,0.8311220249488744,0.754483219758006,0.0035273027753693286,7.159699483547011e-06,0.9999295270087739,0.5000071389851439,0.1428596890064548,0.12969717730193936,1.0,1.0,0.9999218841542007,0.9999225786471909,0.9999448701692486,1.0
CICIDS,RANDOM_L2,8,10,38.11911690002307,2.2283668003510684,14.23898792226932,0.9734801676481848,0.9733741232833523,0.9734801676481848,0.9718849285233226,0.9090018509285535,0.00040332973757314824,0.15505232619598538,0.807477736397279,0.635308306123696,0.671568199726965,0.9922879177377892,0.12349726775956284,0.13096121548256065,0.16965599112235155,0.12310491206791996,1.0,0.8310902884254916,0.7198194981464094,0.8310902884254916,0.7544658507001323,0.0001518803024379713,4.534476339579773e-05,0.9999530180058492,0.500001531358243,0.14285957437186728,0.1296979760980336,1.0,1.0,0.9999609420771003,0.999974192882397,0.9998897403384972,1.0
CICIDS,FGSM,8,15,33.03117720014416,3.157366199651733,15.740125478279332,0.9853754133186288,0.9847385961652038,0.9853754133186288,0.9844570077640252,0.9504438984954651,0.0004224222695292736,0.08440315249180752,0.8380462728857571,0.6864975620095125,0.7166085383298064,0.9048843187660668,0.0633879781420765,0.06186774987306175,0.09499599989677153,0.056452946689453665,1.0,0.8279741585358354,0.7167728643008842,0.8279741585358354,0.7539355229160284,0.005695730140875433,0.004367416684963677,0.9952900550863881,0.500252302837472,0.1430760400159854,0.13147879692321146,0.6760925449871465,0.9972677595628415,0.9982033355466157,0.9947611551265839,0.9995038315232372,0.972027972027972
CICIDS,RANDOM_LINF,8,15,33.03117720014416,3.0831237996462733,15.4782991603706,0.9853754133186288,0.9847385961652038,0.9853754133186288,0.9844570077640252,0.9504438984954651,0.0004224222695292736,0.08440315249180752,0.8380462728857571,0.6864975620095125,0.7166085383298064,0.9048843187660668,0.0633879781420765,0.06186774987306175,0.09499599989677153,0.056452946689453665,1.0,0.8305924217149228,0.7264295180471417,0.8305924217149228,0.7555074673015271,0.03193983893882877,0.001331704103939744,0.9935164848071977,0.5008394052482616,0.14322558988262052,0.1320077647595265,0.9974293059125964,0.9994535519125683,0.9937116744131547,0.9905287878396862,0.9987871437234688,1.0
CICIDS,RANDOM_L2,8,15,33.03117720014416,2.9773948995862156,15.579459328653522,0.9853754133186288,0.9847385961652038,0.9853754133186288,0.9844570077640252,0.9504438984954651,0.0004224222695292736,0.08440315249180752,0.8380462728857571,0.6864975620095125,0.7166085383298064,0.9048843187660668,0.0633879781420765,0.06186774987306175,0.09499599989677153,0.056452946689453665,1.0,0.8295808200320935,0.715119042352654,0.8295808200320935,0.7547483519692024,0.01715037401859572,0.0023889530610101857,0.9943386697048356,0.5005130003553697,0.14301332434344838,0.131420152422159,1.0,0.9972677595628415,0.9941022536421513,0.9929030426591654,0.9972986382931804,0.9953379953379954
CICIDS,FGSM,8,20,28.083819000050426,2.1431376000400633,21.115300772982703,0.9922007493786584,0.991408427948572,0.9922007493786584,0.9915391310133622,0.9737584932837021,0.00046299389993604,0.043798964047028974,0.8623304330125504,0.7293233765237176,0.7593959896629314,0.7583547557840618,0.03551912568306011,0.016990196461352185,0.05876280678211051,0.012569601411323668,1.0,0.7810477416488314,0.700578571303606,0.7810477416488314,0.731935881409074,-0.018018583371891977,0.061072236594656,0.9639060829936926,0.5179731594580982,0.14259692800024362,0.12893482412397,0.6735218508997429,0.22513661202185792,0.9889466078193961,0.9687217734651217,0.9995589613539887,0.9417249417249417
CICIDS,RANDOM_LINF,8,20,28.083819000050426,2.4134159996174276,26.316718602164833,0.9922007493786584,0.991408427948572,0.9922007493786584,0.9915391310133622,0.9737584932837021,0.00046299389993604,0.043798964047028974,0.8623304330125504,0.7293233765237176,0.7593959896629314,0.7583547557840618,0.03551912568306011,0.016990196461352185,0.05876280678211051,0.012569601411323668,1.0,0.7290335633570101,0.7146211815197164,0.7290335633570101,0.7152341897890215,0.015136300820271191,0.12820157895239276,0.8609567883108799,0.5039798130519796,0.14389287807890644,0.13818719166313959,0.8766066838046273,0.8661202185792349,0.8580635081826349,0.8568737257735684,0.8733116489332378,0.8438228438228438
CICIDS,RANDOM_L2,8,20,28.083819000050426,2.558802099665627,29.364019906734296,0.9922007493786584,0.991408427948572,0.9922007493786584,0.9915391310133622,0.9737584932837021,0.00046299389993604,0.043798964047028974,0.8623304330125504,0.7293233765237176,0.7593959896629314,0.7583547557840618,0.03551912568306011,0.016990196461352185,0.05876280678211051,0.012569601411323668,1.0,0.6985605503113155,0.7093336256856971,0.6985605503113155,0.6994153085109367,0.010912450960554777,0.16384733611447883,0.8235708664654271,0.5034347979356576,0.14345443919895545,0.13242626333944144,0.8226221079691517,0.8387978142076503,0.8197476858180682,0.8221373454798834,0.8308065494238933,0.8111888111888111
CICIDS,FGSM,10,5,47.050216800067574,4.451763099990785,13.816098748192507,0.9696658342441055,0.9689839048058108,0.9696658342441055,0.9674240238066887,0.8953098380029497,0.00040571630406766393,0.17750971940003993,0.7640004476387974,0.5514774716744337,0.607839608190939,1.0,0.6103825136612022,0.16373081279537555,0.12704843995974088,0.22399250234301782,1.0,0.8315048467621804,0.8176720670654151,0.8315048467621804,0.7553969192998632,0.04432954199518894,4.7731329890313404e-06,0.997721373283689,0.5005604229761381,0.14363712773977017,0.13129708139121102,1.0,1.0,0.9983205093153146,0.9961031252419418,1.0,1.0
CICIDS,RANDOM_LINF,10,5,47.050216800067574,4.298827399965376,13.854182576251961,0.9696658342441055,0.9689839048058108,0.9696658342441055,0.9674240238066887,0.8953098380029497,0.00040571630406766393,0.17750971940003993,0.7640004476387974,0.5514774716744337,0.607839608190939,1.0,0.6103825136612022,0.16373081279537555,0.12704843995974088,0.22399250234301782,1.0,0.8311240084815859,0.6907671174744993,0.8311240084815859,0.7544733336190603,0.0,0.0,1.0,0.5,0.14285714285714285,0.12968209762058736,1.0,1.0,1.0,1.0,1.0,1.0
CICIDS,RANDOM_L2,10,5,47.050216800067574,4.287471100687981,13.854182576251961,0.9696658342441055,0.9689839048058108,0.9696658342441055,0.9674240238066887,0.8953098380029497,0.00040571630406766393,0.17750971940003993,0.7640004476387974,0.5514774716744337,0.607839608190939,1.0,0.6103825136612022,0.16373081279537555,0.12704843995974088,0.22399250234301782,1.0,0.8311240084815859,0.6907671174744993,0.8311240084815859,0.7544733336190603,0.0,0.0,1.0,0.5,0.14285714285714285,0.12968209762058736,1.0,1.0,1.0,1.0,1.0,1.0
CICIDS,FGSM,10,10,43.34646170004271,4.876917699351907,15.74131559790618,0.9889279204047994,0.9874199792633007,0.9889279204047994,0.9880162458634643,0.9626078096394914,0.00046299389993604,0.06316729113567225,0.8358356860980015,0.6790152631296456,0.6952937581760799,1.0,0.08360655737704918,0.03819864859586767,0.06789852641358486,0.043993604939632835,1.0,0.8315147644257376,0.8223113062541232,0.8315147644257376,0.7554132067091397,0.04497263163320613,0.0,0.9976861367880759,0.500606306498379,0.1437297950602824,0.13146857272921778,1.0,0.9994535519125683,0.9983205093153146,0.9960515110067356,1.0,1.0
CICIDS,RANDOM_LINF,10,10,43.34646170004271,4.6347906002774835,15.780391192321353,0.9889279204047994,0.9874199792633007,0.9889279204047994,0.9880162458634643,0.9626078096394914,0.00046299389993604,0.06316729113567225,0.8358356860980015,0.6790152631296456,0.6952937581760799,1.0,0.08360655737704918,0.03819864859586767,0.06789852641358486,0.043993604939632835,1.0,0.8311240084815859,0.6907671174744993,0.8311240084815859,0.7544733336190603,0.0,0.0,1.0,0.5,0.14285714285714285,0.12968209762058736,1.0,1.0,1.0,1.0,1.0,1.0
CICIDS,RANDOM_L2,10,10,43.34646170004271,4.604198099114001,15.780391192321353,0.9889279204047994,0.9874199792633007,0.9889279204047994,0.9880162458634643,0.9626078096394914,0.00046299389993604,0.06316729113567225,0.8358356860980015,0.6790152631296456,0.6952937581760799,1.0,0.08360655737704918,0.03819864859586767,0.06789852641358486,0.043993604939632835,1.0,0.8311240084815859,0.6907671174744993,0.8311240084815859,0.7544733336190603,0.0,0.0,1.0,0.5,0.14285714285714285,0.12968209762058736,1.0,1.0,1.0,1.0,1.0,1.0
CICIDS,FGSM,10,15,40.68973849993199,3.612074699951336,16.30860595337509,0.9943786682958082,0.9935551240745042,0.9943786682958082,0.9935558057319559,0.9811201710404573,0.00047015359941958706,0.030878915655575,0.8490197152657101,0.700893725496683,0.7081884620827169,0.9948586118251928,0.03169398907103825,0.006366441432644612,0.03447830911765465,0.014113236672363416,1.0,0.8312926087620574,0.7868052190772326,0.8312926087620574,0.7553163179886698,0.033267849395189536,0.0002768417133638177,0.9976391547939252,0.5005794707083894,0.14348090323264695,0.1314753897350703,1.0,0.9994535519125683,0.9983205093153146,0.9959482825363235,1.0,1.0
CICIDS,RANDOM_LINF,10,15,40.68973849993199,3.5754083001520485,16.385963729120846,0.9943786682958082,0.9935551240745042,0.9943786682958082,0.9935558057319559,0.9811201710404573,0.00047015359941958706,0.030878915655575,0.8490197152657101,0.700893725496683,0.7081884620827169,0.9948586118251928,0.03169398907103825,0.006366441432644612,0.03447830911765465,0.014113236672363416,1.0,0.8305190310045998,0.7182332519804795,0.8305190310045998,0.754914913501568,0.019298121142284862,0.001114526552938818,0.9961474764796392,0.5004184351501035,0.14300091343465476,0.13090852054267485,1.0,1.0,0.9943366011795493,0.9957160184778963,0.9991179227079773,0.9976689976689976
CICIDS,RANDOM_L2,10,15,40.68973849993199,3.4497480001300573,16.491090962826615,0.9943786682958082,0.9935551240745042,0.9943786682958082,0.9935558057319559,0.9811201710404573,0.00047015359941958706,0.030878915655575,0.8490197152657101,0.700893725496683,0.7081884620827169,0.9948586118251928,0.03169398907103825,0.006366441432644612,0.03447830911765465,0.014113236672363416,1.0,0.8294677586675421,0.7089088042238559,0.8294677586675421,0.7543369832465202,0.00833290555724134,0.0023316754651418097,0.9960535124913377,0.5002276958217424,0.14291675723594421,0.13070209499011307,0.9974293059125964,0.9983606557377049,0.9942975432566497,0.9964128106531781,0.9974640277854347,0.9976689976689976
CICIDS,FGSM,10,20,32.81746589997783,2.409585700603202,27.86764282923172,0.9965466695494009,0.9965573060388077,0.9965466695494009,0.9963265688868205,0.9884277348056707,0.0005083386633318377,0.01784141227874417,0.9086035727828695,0.8181983131236628,0.8704888729132121,0.6812339331619537,0.02841530054644809,0.004452603210561262,0.020800536788046144,0.0031975301835823365,0.5221445221445221,0.7178702412570837,0.67928329894132,0.7178702412570837,0.6956014698969815,-0.07583818747240703,0.13681469743109984,0.9942681967136096,0.4831096962981042,0.140274906306914,0.12130828278810349,0.9974293059125964,0.9972677595628415,0.9982033355466157,0.9943740483625384,0.9988974033849716,0.5384615384615384
CICIDS,RANDOM_LINF,10,20,32.81746589997783,2.381632699863985,21.33547290395139,0.9965466695494009,0.9965573060388077,0.9965466695494009,0.9963265688868205,0.9884277348056707,0.0005083386633318377,0.01784141227874417,0.9086035727828695,0.8181983131236628,0.8704888729132121,0.6812339331619537,0.02841530054644809,0.004452603210561262,0.020800536788046144,0.0031975301835823365,0.5221445221445221,0.7831919405098869,0.7235164640027852,0.7831919405098869,0.742673211281152,0.03921527281684119,0.06391225072312964,0.9052842997921047,0.5063633235256402,0.1450081734966377,0.14662171949118946,0.9434447300771208,0.9349726775956284,0.8878647033550756,0.90025549046427,0.9364904349743647,0.9184149184149184
CICIDS,RANDOM_L2,10,20,32.81746589997783,2.209961500018835,24.972875190171195,0.9965466695494009,0.9965573060388077,0.9965466695494009,0.9963265688868205,0.9884277348056707,0.0005083386633318377,0.01784141227874417,0.9086035727828695,0.8181983131236628,0.8704888729132121,0.6812339331619537,0.02841530054644809,0.004452603210561262,0.020800536788046144,0.0031975301835823365,0.5221445221445221,0.7468179176476889,0.7115788361271547,0.7468179176476889,0.7236351323157009,0.017535808191871456,0.10640506715798116,0.8768719388294436,0.5012329613823513,0.1437447425332811,0.13866292414266065,0.9305912596401028,0.8918032786885246,0.8609928524001094,0.881751787142894,0.8866530679750814,0.8578088578088578
CICIDS,FGSM,16,5,78.00000529992394,4.0488517000339925,13.666937088292997,0.9681642999815532,0.9676424380268362,0.9681642999815532,0.9651321893701847,0.8900286748719818,0.0004462879344744303,0.186318843303304,0.7511840021953604,0.5269812367796339,0.575625353078025,1.0,0.8038251366120218,0.2780924110455806,0.12449353531704044,0.08986162412481394,1.0,0.8314949290986232,0.8157369672240412,0.8314949290986232,0.7553881529185761,0.043637729264477655,1.4319398967094021e-05,0.9977331187822267,0.5005554983755897,0.14361740620673055,0.13128502828033342,1.0,1.0,0.9983595672382143,0.9961031252419418,1.0,1.0
CICIDS,RANDOM_LINF,16,5,78.00000529992394,3.8831746000796556,13.704029149996732,0.9681642999815532,0.9676424380268362,0.9681642999815532,0.9651321893701847,0.8900286748719818,0.0004462879344744303,0.186318843303304,0.7511840021953604,0.5269812367796339,0.575625353078025,1.0,0.8038251366120218,0.2780924110455806,0.12449353531704044,0.08986162412481394,1.0,0.8311240084815859,0.6907671174744993,0.8311240084815859,0.7544733336190603,0.0,0.0,1.0,0.5,0.14285714285714285,0.12968209762058736,1.0,1.0,1.0,1.0,1.0,1.0
CICIDS,RANDOM_L2,16,5,78.00000529992394,3.6483483999036252,13.704029149996732,0.9681642999815532,0.9676424380268362,0.9681642999815532,0.9651321893701847,0.8900286748719818,0.0004462879344744303,0.186318843303304,0.7511840021953604,0.5269812367796339,0.575625353078025,1.0,0.8038251366120218,0.2780924110455806,0.12449353531704044,0.08986162412481394,1.0,0.8311240084815859,0.6907671174744993,0.8311240084815859,0.7544733336190603,0.0,0.0,1.0,0.5,0.14285714285714285,0.12968209762058736,1.0,1.0,1.0,1.0,1.0,1.0
CICIDS,FGSM,16,10,70.92925769998692,4.174087600084022,15.42871084258486,0.9858098069824318,0.9843828071979195,0.9858098069824318,0.9848214124582931,0.9519132457447453,0.00041287600355121093,0.08192485230035589,0.8314158797661529,0.6729377752380996,0.6918513732072739,1.0,0.05191256830601093,0.08381830254267078,0.06555007871170869,0.07585864711395336,1.0,0.8315226985565832,0.8223167912200471,0.8315226985565832,0.7554322192686233,0.045423969976313885,0.0,0.9976391547939252,0.5006170358172763,0.14374435131672306,0.13149839417505857,1.0,0.9994535519125683,0.9983205093153146,0.9959482825363235,1.0,1.0
CICIDS,RANDOM_LINF,16,10,70.92925769998692,4.041976700071245,15.468579850084597,0.9858098069824318,0.9843828071979195,0.9858098069824318,0.9848214124582931,0.9519132457447453,0.00041287600355121093,0.08192485230035589,0.8314158797661529,0.6729377752380996,0.6918513732072739,1.0,0.05191256830601093,0.08381830254267078,0.06555007871170869,0.07585864711395336,1.0,0.8311240084815859,0.6907671174744993,0.8311240084815859,0.7544733336190603,0.0,0.0,1.0,0.5,0.14285714285714285,0.12968209762058736,1.0,1.0,1.0,1.0,1.0,1.0
CICIDS,RANDOM_L2,16,10,70.92925769998692,3.906061499612406,15.468579850084597,0.9858098069824318,0.9843828071979195,0.9858098069824318,0.9848214124582931,0.9519132457447453,0.00041287600355121093,0.08192485230035589,0.8314158797661529,0.6729377752380996,0.6918513732072739,1.0,0.05191256830601093,0.08381830254267078,0.06555007871170869,0.07585864711395336,1.0,0.8311240084815859,0.6907671174744993,0.8311240084815859,0.7544733336190603,0.0,0.0,1.0,0.5,0.14285714285714285,0.12968209762058736,1.0,1.0,1.0,1.0,1.0,1.0
CICIDS,FGSM,16,15,67.36988450004719,1.856205299962312,16.159444293475566,0.9930556519772846,0.9922501863075842,0.9930556519772846,0.9923829729734893,0.9766473157877468,0.0004725401659141027,0.03872490867874887,0.860156434298431,0.7242698447226663,0.7503962819088873,0.8123393316195373,0.026775956284153007,0.022692653204702574,0.04392371416036543,0.01212856276531231,1.0,0.831461209042529,0.8026133501438328,0.831461209042529,0.7554013607284178,0.04141147833748573,7.398356132998578e-05,0.9976391547939252,0.5006070482950254,0.14362763387434027,0.13149237833065133,1.0,0.9994535519125683,0.9983205093153146,0.9959482825363235,1.0,1.0
CICIDS,RANDOM_LINF,16,15,67.36988450004719,1.7574625997804105,16.19217258321416,0.9930556519772846,0.9922501863075842,0.9930556519772846,0.9923829729734893,0.9766473157877468,0.0004725401659141027,0.03872490867874887,0.860156434298431,0.7242698447226663,0.7503962819088873,0.8123393316195373,0.026775956284153007,0.022692653204702574,0.04392371416036543,0.01212856276531231,1.0,0.831133926145143,0.7364383452142396,0.831133926145143,0.7545596872287317,0.010828447697200427,3.1025364428703715e-05,0.9996006530497187,0.5000579200465688,0.14288768837087168,0.12982864288249105,1.0,1.0,0.9996875366168028,0.9993548220599241,0.9999448701692486,1.0
CICIDS,RANDOM_L2,16,15,67.36988450004719,1.771155800204724,16.19851988789074,0.9930556519772846,0.9922501863075842,0.9930556519772846,0.9923829729734893,0.9766473157877468,0.0004725401659141027,0.03872490867874887,0.860156434298431,0.7242698447226663,0.7503962819088873,0.8123393316195373,0.026775956284153007,0.022692653204702574,0.04392371416036543,0.01212856276531231,1.0,0.8310704530983772,0.7213746861171885,0.8310704530983772,0.7544950905494142,0.003949304645540049,9.068952679159546e-05,0.999776835527784,0.5000255686201182,0.14286750524381717,0.12977072943228882,1.0,1.0,0.9996875366168028,0.9997161217063666,1.0,1.0
CICIDS,FGSM,16,20,54.11658679996617,1.8633396995719522,17.24106468101819,0.9955191996048803,0.9946837671113972,0.9955191996048803,0.9949399762806548,0.9849654542285106,0.00047492673240861837,0.024090017500792822,0.871558078798449,0.7450407386126947,0.7733680148413784,0.7043701799485861,0.024043715846994537,0.01015505995391165,0.020619886964824898,0.013506808534097801,1.0,0.8231085527946984,0.7241877525256297,0.8231085527946984,0.7513784877933217,-0.011594682792102016,0.010145294168186113,0.9955954380483679,0.4994114723230549,0.14281925278587637,0.13084903910945703,0.9691516709511568,0.9475409836065574,0.998164277623716,0.994838576479393,0.9996140911847401,0.9696969696969697
CICIDS,RANDOM_LINF,16,20,54.11658679996617,1.7847697001416236,17.728220314945332,0.9955191996048803,0.9946837671113972,0.9955191996048803,0.9949399762806548,0.9849654542285106,0.00047492673240861837,0.024090017500792822,0.871558078798449,0.7450407386126947,0.7733680148413784,0.7043701799485861,0.024043715846994537,0.01015505995391165,0.020619886964824898,0.013506808534097801,1.0,0.818236996455427,0.7171923687969426,0.818236996455427,0.7541118249740365,0.037215618278354144,0.0187631857798822,0.9627550241369995,0.5033424159644324,0.14382614450019274,0.14007806415821988,0.9897172236503856,0.9846994535519126,0.9634808420888177,0.9518181114351338,0.9820828050057886,0.972027972027972
CICIDS,RANDOM_L2,16,20,54.11658679996617,1.950319500407204,18.416902872353724,0.9955191996048803,0.9946837671113972,0.9955191996048803,0.9949399762806548,0.9849654542285106,0.00047492673240861837,0.024090017500792822,0.871558078798449,0.7450407386126947,0.7733680148413784,0.7043701799485861,0.024043715846994537,0.01015505995391165,0.020619886964824898,0.013506808534097801,1.0,0.8113501708813431,0.7109015224005493,0.8113501708813431,0.7505428752803127,0.024318547539272508,0.026825007398356134,0.9590082101034778,0.5024484963252467,0.14347095425888062,0.1385410251041695,0.9768637532133676,0.980327868852459,0.957934617037066,0.9517148829647216,0.9730966425933072,0.9790209790209791
CICIDS,FGSM,32,5,161.67900409991853,6.631544199772179,14.99471388532404,0.9814678538771122,0.980213786151938,0.9814678538771122,0.980262860496165,0.9369465577742158,0.0004582207669470087,0.10748305711835938,0.8172609396373419,0.648059822713887,0.6774607762299395,1.0,0.17923497267759564,0.13189860563215247,0.10232522129603344,0.03655107778819119,1.0,0.8315207150238718,0.8186855551084868,0.8315207150238718,0.7554274367447925,0.04530216588383029,0.0,0.997650900292463,0.5005771648468499,0.14366633496980571,0.13134221088246453,1.0,1.0,0.9983205093153146,0.9959482825363235,1.0,1.0
CICIDS,RANDOM_LINF,32,5,161.67900409991853,6.71008100034669,15.034384539552637,0.9814678538771122,0.980213786151938,0.9814678538771122,0.980262860496165,0.9369465577742158,0.0004582207669470087,0.10748305711835938,0.8172609396373419,0.648059822713887,0.6774607762299395,1.0,0.17923497267759564,0.13189860563215247,0.10232522129603344,0.03655107778819119,1.0,0.8311240084815859,0.6907671174744993,0.8311240084815859,0.7544733336190603,0.0,0.0,1.0,0.5,0.14285714285714285,0.12968209762058736,1.0,1.0,1.0,1.0,1.0,1.0
CICIDS,RANDOM_L2,32,5,161.67900409991853,6.643239399883896,15.034384539552637,0.9814678538771122,0.980213786151938,0.9814678538771122,0.980262860496165,0.9369465577742158,0.0004582207669470087,0.10748305711835938,0.8172609396373419,0.648059822713887,0.6774607762299395,1.0,0.17923497267759564,0.13189860563215247,0.10232522129603344,0.03655107778819119,1.0,0.8311240084815859,0.6907671174744993,0.8311240084815859,0.7544733336190603,0.0,0.0,1.0,0.5,0.14285714285714285,0.12968209762058736,1.0,1.0,1.0,1.0,1.0,1.0
CICIDS,FGSM,32,10,147.55248499987647,3.5820340004283935,16.161031119644708,0.9931330097530303,0.9915579203580345,0.9931330097530303,0.9922885660363883,0.9769105628437083,0.00046776703292507137,0.03826683423577914,0.8465765729637778,0.6970304370930569,0.705020683744327,1.0,0.03715846994535519,0.02183337890091005,0.044543084982838266,0.004796295275373504,1.0,0.8315226985565832,0.8223167912200471,0.8315226985565832,0.7554322192686233,0.045423969976313885,0.0,0.9976391547939252,0.5006170358172763,0.14374435131672306,0.13149839417505857,1.0,0.9994535519125683,0.9983205093153146,0.9959482825363235,1.0,1.0
CICIDS,RANDOM_LINF,32,10,147.55248499987647,3.391584299970418,16.200900127144447,0.9931330097530303,0.9915579203580345,0.9931330097530303,0.9922885660363883,0.9769105628437083,0.00046776703292507137,0.03826683423577914,0.8465765729637778,0.6970304370930569,0.705020683744327,1.0,0.03715846994535519,0.02183337890091005,0.044543084982838266,0.004796295275373504,1.0,0.8311240084815859,0.6907671174744993,0.8311240084815859,0.7544733336190603,0.0,0.0,1.0,0.5,0.14285714285714285,0.12968209762058736,1.0,1.0,1.0,1.0,1.0,1.0
CICIDS,RANDOM_L2,32,10,147.55248499987647,3.408693599747494,16.200900127144447,0.9931330097530303,0.9915579203580345,0.9931330097530303,0.9922885660363883,0.9769105628437083,0.00046776703292507137,0.03826683423577914,0.8465765729637778,0.6970304370930569,0.705020683744327,1.0,0.03715846994535519,0.02183337890091005,0.044543084982838266,0.004796295275373504,1.0,0.8311240084815859,0.6907671174744993,0.8311240084815859,0.7544733336190603,0.0,0.0,1.0,0.5,0.14285714285714285,0.12968209762058736,1.0,1.0,1.0,1.0,1.0,1.0
CICIDS,FGSM,32,15,134.32128130015917,3.1938024999108166,16.39469127305113,0.9954696112870945,0.9946372324858445,0.9954696112870945,0.9948333918106782,0.9848007728198274,0.0004653804664305557,0.024407145961310328,0.8655361396325808,0.733026329789914,0.7573265646850617,0.794344473007712,0.022950819672131147,0.0059368042807483494,0.02624583860228651,0.007166877997684547,0.9976689976689976,0.8315226985565832,0.8223167912200471,0.8315226985565832,0.7554322192686233,0.045423969976313885,0.0,0.9976391547939252,0.5006170358172763,0.14374435131672306,0.13149839417505857,1.0,0.9994535519125683,0.9983205093153146,0.9959482825363235,1.0,1.0
CICIDS,RANDOM_LINF,32,15,134.32128130015917,3.170708999969065,16.43456028055087,0.9954696112870945,0.9946372324858445,0.9954696112870945,0.9948333918106782,0.9848007728198274,0.0004653804664305557,0.024407145961310328,0.8655361396325808,0.733026329789914,0.7573265646850617,0.794344473007712,0.022950819672131147,0.0059368042807483494,0.02624583860228651,0.007166877997684547,0.9976689976689976,0.8311240084815859,0.6907671174744993,0.8311240084815859,0.7544733336190603,0.0,0.0,1.0,0.5,0.14285714285714285,0.12968209762058736,1.0,1.0,1.0,1.0,1.0,1.0
CICIDS,RANDOM_L2,32,15,134.32128130015917,2.969637099886313,16.43456028055087,0.9954696112870945,0.9946372324858445,0.9954696112870945,0.9948333918106782,0.9848007728198274,0.0004653804664305557,0.024407145961310328,0.8655361396325808,0.733026329789914,0.7573265646850617,0.794344473007712,0.022950819672131147,0.0059368042807483494,0.02624583860228651,0.007166877997684547,0.9976689976689976,0.8311240084815859,0.6907671174744993,0.8311240084815859,0.7544733336190603,0.0,0.0,1.0,0.5,0.14285714285714285,0.12968209762058736,1.0,1.0,1.0,1.0,1.0,1.0
CICIDS,FGSM,32,20,88.73638999997638,3.125094400253147,16.712849919964455,0.9973301649704156,0.9973372425483433,0.9973301649704156,0.9971146672467222,0.9910605812357052,0.0005250446287934474,0.013119721866594627,0.920311098408783,0.8409373277456504,0.8810018249527467,0.7840616966580977,0.022950819672131147,0.004296371518962621,0.013368086918372086,0.0013231159380340703,0.27505827505827507,0.830201665770771,0.7645279934930866,0.830201665770771,0.755473240374134,0.040443177539116346,0.0015894532853474364,0.9875850080456665,0.5010013235852713,0.14355864294085888,0.1314944119021681,1.0,0.5316939890710383,0.9983205093153146,0.9959482825363235,1.0,1.0
CICIDS,RANDOM_LINF,32,20,88.73638999997638,2.962612499948591,16.804687484503646,0.9973301649704156,0.9973372425483433,0.9973301649704156,0.9971146672467222,0.9910605812357052,0.0005250446287934474,0.013119721866594627,0.920311098408783,0.8409373277456504,0.8810018249527467,0.7840616966580977,0.022950819672131147,0.004296371518962621,0.013368086918372086,0.0013231159380340703,0.27505827505827507,0.8292832901253792,0.7061192776616043,0.8292832901253792,0.7539015579655636,0.001322344885697802,0.0023555411300869664,0.9975921727997745,0.4999756329242267,0.14287296214267636,0.1300899910241787,1.0,0.9967213114754099,0.99656290278483,0.9981935017677875,0.9977948067699433,0.9976689976689976
CICIDS,RANDOM_L2,32,20,88.73638999997638,3.086316800210625,16.988957673395465,0.9973301649704156,0.9973372425483433,0.9973301649704156,0.9971146672467222,0.9910605812357052,0.0005250446287934474,0.013119721866594627,0.920311098408783,0.8409373277456504,0.8810018249527467,0.7840616966580977,0.022950819672131147,0.004296371518962621,0.013368086918372086,0.0013231159380340703,0.27505827505827507,0.8274405882364609,0.7028707830878761,0.8274405882364609,0.7532158597531667,0.0002239734393757523,0.00464664496482201,0.9955132195586042,0.5000569746956531,0.14286720050079207,0.13043654164623156,0.9974293059125964,0.9983606557377049,0.9935945006444558,0.9971096028284601,0.9944318870941066,0.9976689976689976
CICIDS,C&W,1,5,3.687246299814433,4.215991900069639,0.0,0.8988120622591248,0.8638202120988706,0.8988120622591248,0.8708555697190022,0.6093828206505854,0.005983122201750785,0.5696566790777434,0.6698652803724351,0.41302984036549123,0.45951681131992633,1.0,0.23770491803278687,0.15259930476897238,0.6505458205373041,0.9996140911847401,1.0,0.8988120622591248,0.8638202120988706,0.8988120622591248,0.8708555697190022,0.6093828206505854,0.005983122201750785,0.5696566790777434,0.6698652803724351,0.41302984036549123,0.45951681131992633,1.0,0.23770491803278687,0.15259930476897238,0.6505458205373041,0.9996140911847401,1.0
CICIDS,C&W,1,10,3.115593000082299,2.5603600998874754,0.00039670654228274316,0.9147894182496911,0.9094406565499285,0.9147894182496911,0.8916695963102551,0.6821124370709499,0.006720571248556127,0.4714173293085425,0.7101635977594002,0.47786547498930404,0.5094435765912286,1.0,0.041530054644808745,0.006639846892942234,0.553640093937908,0.9713324880092619,1.0,0.9147854511842682,0.9094373202398317,0.9147854511842682,0.8916657209771911,0.6820947257015302,0.006720571248556127,0.47144082030561785,0.7100838558185475,0.47770934830279466,0.5093618168328277,1.0,0.04262295081967213,0.006639846892942234,0.553640093937908,0.9713324880092619,1.0
CICIDS,C&W,1,15,2.952568099834025,2.0605357999447733,0.00039670654228274316,0.9341090268590164,0.9318940154214846,0.9341090268590164,0.9246947565340293,0.7621488173056684,0.006863765238227067,0.3563114436392253,0.754530850756859,0.5501784988764588,0.6020306422895343,1.0,0.030601092896174863,0.0072647736593367965,0.5148778032981496,0.5140856717569877,1.0,0.9341050597935936,0.9318905315684912,0.9341050597935936,0.9246908629624313,0.7621326143257012,0.006863765238227067,0.3563349346363006,0.7544511088160063,0.5500223469911373,0.6019497756994295,1.0,0.03169398907103825,0.0072647736593367965,0.5148778032981496,0.5140856717569877,1.0
CICIDS,C&W,1,20,2.6355789999943227,1.8281789997126907,0.000595059813435217,0.953281854047696,0.9546762844662846,0.953281854047696,0.951967955980319,0.8426184206907031,0.024342978244059836,0.15653225901173376,0.8361973492861905,0.6483247398096018,0.7125711230458087,0.6889460154241646,0.027868852459016394,0.004335429441862282,0.31069188882293736,0.023650697392359005,1.0,0.9532759034495617,0.9546693164832537,0.9532759034495617,0.9519621203439611,0.8425958025371951,0.024342978244059836,0.1565674955073468,0.8361830188584857,0.6483029507731441,0.7125588975631286,0.6889460154241646,0.027868852459016394,0.004335429441862282,0.31069188882293736,0.023816086884613265,1.0
CICIDS,C&W,2,5,9.278329299995676,2.3891469000373036,0.0007934130845765885,0.9071468667125524,0.9146280806375063,0.9071468667125524,0.8839339486019382,0.651878323969735,0.0005608431262111825,0.5467764479263323,0.6967436534082471,0.46869203456404707,0.5303596303893128,1.0,0.3185792349726776,0.47998281451392416,0.8036852563937134,0.0948233088924417,1.0,0.9071389325817066,0.9146215595560443,0.9071389325817066,0.8839257076827589,0.6518416958243857,0.0005608431262111825,0.5468234299204829,0.6966894520101159,0.46859037710469387,0.5302907654390066,1.0,0.3191256830601093,0.47998281451392416,0.8036852563937134,0.09498869838469595,1.0
CICIDS,C&W,2,10,7.458499600179493,1.5507983996067196,0.0007934130845654863,0.9658157972512204,0.9661903596219149,0.9658157972512204,0.9626884802227259,0.8822663038366972,0.000630053554552137,0.1991566732049942,0.815318295702859,0.6564843465333366,0.7170366683096662,0.7352185089974294,0.18415300546448088,0.04964262000546811,0.3446798627061344,0.07040079386956281,1.0,0.9658078631203747,0.9661829381564627,0.9658078631203747,0.9626802685565553,0.8822374474019282,0.000630053554552137,0.19920365519914493,0.8152640943047279,0.6563825338556519,0.716975929379861,0.7352185089974294,0.18469945355191256,0.04964262000546811,0.3446798627061344,0.07056618336181708,1.0
CICIDS,C&W,2,15,6.964917700039223,1.1822431997861713,0.00039670654228274316,0.972105579479164,0.9710438942286319,0.972105579479164,0.9696402607094475,0.9044884317479339,0.001071568356037536,0.15892834071342157,0.8149672520219546,0.64931008383349,0.6760482860443963,1.0,0.05683060109289618,0.006405499355544272,0.284549278691063,0.0782292298362644,1.0,0.9721016124137412,0.971040079883436,0.9721016124137412,0.9696361673297749,0.9044742871714504,0.001071568356037536,0.15895183171049695,0.8149927925646763,0.6493644522587724,0.676076496074295,1.0,0.05628415300546448,0.006405499355544272,0.284549278691063,0.07839461932851866,1.0
CICIDS,C&W,2,20,7.2848127000033855,1.1031145004089922,0.0007934130845765885,0.9794942388292397,0.9788824544098602,0.9794942388292397,0.9782487307147365,0.9301742444940995,0.00122908174467557,0.11438941025851843,0.8432079632092909,0.6993639458569396,0.7460613093885675,0.7197943444730077,0.08360655737704918,0.018825918837636214,0.18501122609615733,0.06764430233199184,0.9976689976689976,0.9794863046983939,0.9788747786934578,0.9794863046983939,0.9782405861414963,0.9301464335199481,0.00122908174467557,0.11443639225266916,0.8431537618111599,0.6992620904271417,0.7460054629854885,0.7197943444730077,0.08415300546448087,0.018825918837636214,0.18501122609615733,0.0678096918242461,0.9976689976689976
CICIDS,C&W,4,5,21.295395199907944,2.0607747996691614,0.00019835327114137158,0.929251355248725,0.9294070657879829,0.929251355248725,0.9190524286252204,0.7429398969302079,0.00033889244222122517,0.41725883555127496,0.6777644279349253,0.41301846489068644,0.46700938678659204,1.0,1.0,0.38315822364566654,0.4941546878629126,0.2160538067148134,1.0,0.9292493717160136,0.9294053552835942,0.9292493717160136,0.9190502704985122,0.7429317187058576,0.00033889244222122517,0.4172705810498127,0.6777596511256903,0.41301058359936665,0.46700428500028657,1.0,1.0,0.38315822364566654,0.4941546878629126,0.21610893654556482,1.0
CICIDS,C&W,4,10,18.882907800143585,1.7155336004216224,0.0001983532711524738,0.9683269496638904,0.9677320118750109,0.9683269496638904,0.9663083913943343,0.8906290534090897,0.0004224222695292736,0.18537920342028918,0.7948745110853708,0.614376558326015,0.6572001543989989,1.0,0.13879781420765028,0.13971019021208453,0.18235309298304472,0.2242681514967749,1.0,0.9683249661311789,0.967730144392801,0.9683249661311789,0.9663061784264848,0.8906219323265018,0.0004224222695292736,0.18539094891882685,0.7948697342761358,0.6143686501166322,0.657194997075568,1.0,0.13879781420765028,0.13971019021208453,0.18235309298304472,0.22432328132752632,1.0
CICIDS,C&W,4,15,17.984280799981207,1.386083799879998,0.0005950598134241147,0.9844967083274654,0.9847233143484059,0.9844967083274654,0.9835493714686127,0.9474386568009834,0.0005107252298263534,0.08927753438494697,0.8319322756404033,0.6748263388865533,0.7251821473439899,0.8483290488431876,0.24098360655737705,0.019802366910127718,0.116777207153733,0.07640994542146756,0.9603729603729604,0.9844907577293311,0.9847175040819527,0.9844907577293311,0.9835432341228404,0.9474180923967301,0.0005107252298263534,0.08931277088056003,0.8319179452126987,0.6748025778467498,0.7251688785543643,0.8483290488431876,0.24098360655737705,0.019802366910127718,0.116777207153733,0.07657533491372182,0.9603729603729604
CICIDS,C&W,4,20,15.561512100044638,1.1689229002222419,0.0009917663557179601,0.9911851806304064,0.9912525051559562,0.9911851806304064,0.9905715340733828,0.9703182156865995,0.0005441371607495728,0.04941331234804261,0.8670911262425197,0.7395073978817575,0.7786643809735017,0.6889460154241646,0.053551912568306013,0.00988165449361403,0.07269865028774936,0.019681349578256794,0.965034965034965,0.9911752629668492,0.9912427160338565,0.9911752629668492,0.9905614934040622,0.9702844175746133,0.0005441371607495728,0.04947203984073104,0.866997053873962,0.7393273912270143,0.7785690179148734,0.6889460154241646,0.0546448087431694,0.00988165449361403,0.07269865028774936,0.019846739070511054,0.965034965034965
CICIDS,C&W,8,5,40.908147000009194,7.1498574004508555,0.00019835327114137158,0.9559576396754147,0.9564397629981337,0.9559576396754147,0.9515920487851183,0.8455859931035711,0.00039617003808960124,0.25884729677351154,0.7244988664494354,0.4839660734736291,0.5343941869388478,1.0,0.9131147540983606,0.2820372612584463,0.2441095254071073,0.15816748442582282,1.0,0.9559556561427033,0.9564379499964335,0.9559556561427033,0.9515899385762382,0.8455785780379377,0.00039617003808960124,0.25885904227204926,0.7244940896402005,0.4839581741467634,0.5343893850168069,1.0,0.9131147540983606,0.2820372612584463,0.2441095254071073,0.15822261425657425,1.0
CICIDS,C&W,8,10,35.71830750000663,5.674650099594146,0.00039670654228274316,0.9734801676481848,0.9733741232833523,0.9734801676481848,0.9718849285233226,0.9090018509285535,0.00040332973757314824,0.15505232619598538,0.807477736397279,0.635308306123696,0.671568199726965,0.9922879177377892,0.12349726775956284,0.13096121548256065,0.16965599112235155,0.12310491206791996,1.0,0.973476200582762,0.973370371421904,0.973476200582762,0.9718807536174624,0.9089877339820464,0.00040332973757314824,0.15507581719306077,0.8074330886176178,0.6352222930660248,0.6715190488655033,0.9922879177377892,0.12404371584699453,0.13096121548256065,0.16965599112235155,0.12316004189867137,1.0
CICIDS,C&W,8,15,35.10575470002368,1.6210294999182224,0.0003967065422938454,0.9853754133186288,0.9847385961652038,0.9853754133186288,0.9844570077640252,0.9504438984954651,0.0004224222695292736,0.08440315249180752,0.8380462728857571,0.6864975620095125,0.7166085383298064,0.9048843187660668,0.0633879781420765,0.06186774987306175,0.09499599989677153,0.056452946689453665,1.0,0.9853714462532058,0.9847347397023017,0.9853714462532058,0.9844529492437433,0.9504301971965355,0.0004224222695292736,0.08442664348888289,0.8380016251060957,0.6864115307296127,0.7165623912717765,0.9048843187660668,0.06393442622950819,0.06186774987306175,0.09499599989677153,0.056508076520205085,1.0
CICIDS,C&W,8,20,30.242944800062105,1.5286456998437643,0.0009917663557179601,0.9922007493786584,0.991408427948572,0.9922007493786584,0.9915391310133622,0.9737584932837021,0.00046299389993604,0.043798964047028974,0.8623304330125504,0.7293233765237176,0.7593959896629314,0.7583547557840618,0.03551912568306011,0.016990196461352185,0.05876280678211051,0.012569601411323668,1.0,0.9921908317151013,0.9913986191127094,0.9921908317151013,0.9915291444778924,0.9737247715733462,0.00046299389993604,0.0438576915397174,0.8622363606439929,0.729143365994412,0.7593022180909704,0.7583547557840618,0.0366120218579235,0.016990196461352185,0.05876280678211051,0.012734990903577926,1.0
CICIDS,C&W,10,5,46.58827979979105,5.268367699813098,0.00019835327114137158,0.9696658342441055,0.9689839048058108,0.9696658342441055,0.9674240238066887,0.8953098380029497,0.00040571630406766393,0.17750971940003993,0.7640004476387974,0.5514774716744337,0.607839608190939,1.0,0.6103825136612022,0.16373081279537555,0.12704843995974088,0.22399250234301782,1.0,0.969663850711394,0.9689820288759854,0.969663850711394,0.9674218097137538,0.8953027426698983,0.00040571630406766393,0.17752146489857762,0.7639956708295624,0.5514695626662061,0.6078344521053428,1.0,0.6103825136612022,0.16373081279537555,0.12704843995974088,0.22404763217376922,1.0
CICIDS,C&W,10,10,39.886846099980175,12.067916799336672,0.000595059813435217,0.9889279204047994,0.9874199792633007,0.9889279204047994,0.9880162458634643,0.9626078096394914,0.00046299389993604,0.06316729113567225,0.8358356860980015,0.6790152631296456,0.6952937581760799,1.0,0.08360655737704918,0.03819864859586767,0.06789852641358486,0.043993604939632835,1.0,0.988921969806665,0.9874141108520146,0.988921969806665,0.9880101965480816,0.9625874434105263,0.00046299389993604,0.06320252763128531,0.8358213556702966,0.6789914917439698,0.6952808975223196,1.0,0.08360655737704918,0.03819864859586767,0.06789852641358486,0.044158994431887096,1.0
CICIDS,C&W,10,15,38.47084449999966,6.382570899557322,0.0009917663557179601,0.9943786682958082,0.9935551240745042,0.9943786682958082,0.9935558057319559,0.9811201710404573,0.00047015359941958706,0.030878915655575,0.8490197152657101,0.700893725496683,0.7081884620827169,0.9948586118251928,0.03169398907103825,0.006366441432644612,0.03447830911765465,0.014113236672363416,1.0,0.994368750632251,0.9935452630637205,0.994368750632251,0.9935458098197838,0.9810866189021551,0.00047015359941958706,0.030937643148263427,0.8489256428971527,0.7007137063015925,0.7080949849011022,0.9948586118251928,0.03278688524590164,0.006366441432644612,0.03447830911765465,0.014278626164617675,1.0
CICIDS,C&W,10,20,32.76432349998504,6.079453499987721,0.0009917663557179601,0.9965466695494009,0.9965573060388077,0.9965466695494009,0.9963265688868205,0.9884277348056707,0.0005083386633318377,0.01784141227874417,0.9086035727828695,0.8181983131236628,0.8704888729132121,0.6812339331619537,0.02841530054644809,0.004452603210561262,0.020800536788046144,0.0031975301835823365,0.5221445221445221,0.9965367518858437,0.9965473935348536,0.9965367518858437,0.996316599338579,0.9883943396078709,0.0005083386633318377,0.017900139771432597,0.908509500414312,0.8180182850241674,0.8703957909729887,0.6812339331619537,0.029508196721311476,0.004452603210561262,0.020800536788046144,0.0033629196758365953,0.5221445221445221
CICIDS,C&W,16,5,80.98839879990555,10.38980419980362,0.00019835327114137158,0.9681642999815532,0.9676424380268362,0.9681642999815532,0.9651321893701847,0.8900286748719818,0.0004462879344744303,0.186318843303304,0.7511840021953604,0.5269812367796339,0.575625353078025,1.0,0.8038251366120218,0.2780924110455806,0.12449353531704044,0.08986162412481394,1.0,0.9681623164488418,0.9676405735627152,0.9681623164488418,0.9651301473193298,0.8900215146815925,0.0004462879344744303,0.1863305888018417,0.7511792253861255,0.5269733287809502,0.5756208737050528,1.0,0.8038251366120218,0.2780924110455806,0.12449353531704044,0.08991675395556535,1.0
CICIDS,C&W,16,10,75.47185659990646,5.361135699786246,0.0005950598134241147,0.9858098069824318,0.9843828071979195,0.9858098069824318,0.9848214124582931,0.9519132457447453,0.00041287600355121093,0.08192485230035589,0.8314158797661529,0.6729377752380996,0.6918513732072739,1.0,0.05191256830601093,0.08381830254267078,0.06555007871170869,0.07585864711395336,1.0,0.9858038563842976,0.9843770268791106,0.9858038563842976,0.9848153227660837,0.9518927126864095,0.00041287600355121093,0.08196008879596894,0.8313313610160652,0.6727736327837973,0.6917642896510215,1.0,0.053005464480874315,0.08381830254267078,0.06555007871170869,0.07591377694470477,1.0
CICIDS,C&W,16,15,63.878897699993104,7.0439856997691095,0.0009917663557179601,0.9930556519772846,0.9922501863075842,0.9930556519772846,0.9923829729734893,0.9766473157877468,0.0004725401659141027,0.03872490867874887,0.860156434298431,0.7242698447226663,0.7503962819088873,0.8123393316195373,0.026775956284153007,0.022692653204702574,0.04392371416036543,0.01212856276531231,1.0,0.9930457343137274,0.99224035749188,0.9930457343137274,0.9923730014121427,0.9766136595926176,0.0004725401659141027,0.0387836361714373,0.8600623619298735,0.724089830761006,0.750303232773181,0.8123393316195373,0.027868852459016394,0.022692653204702574,0.04392371416036543,0.012293952257566569,1.0
CICIDS,C&W,16,20,52.420504800044,4.244804699672386,0.0009917663557179601,0.9955191996048803,0.9946837671113972,0.9955191996048803,0.9949399762806548,0.9849654542285106,0.00047492673240861837,0.024090017500792822,0.871558078798449,0.7450407386126947,0.7733680148413784,0.7043701799485861,0.024043715846994537,0.01015505995391165,0.020619886964824898,0.013506808534097801,1.0,0.9955092819413232,0.994673880809171,0.9955092819413232,0.9949299910811404,0.9849319886526032,0.00047492673240861837,0.02414874499348125,0.8714640064298915,0.7448607146548271,0.7732751664851479,0.7043701799485861,0.025136612021857924,0.01015505995391165,0.020619886964824898,0.01367219802635206,1.0
CICIDS,C&W,32,5,160.86145070008934,9.601410299772397,0.0005950598134241147,0.9814678538771122,0.980213786151938,0.9814678538771122,0.980262860496165,0.9369465577742158,0.0004582207669470087,0.10748305711835938,0.8172609396373419,0.648059822713887,0.6774607762299395,1.0,0.17923497267759564,0.13189860563215247,0.10232522129603344,0.03655107778819119,1.0,0.981461903278978,0.9802080207046515,0.981461903278978,0.9802568624507443,0.9369258056123446,0.0004582207669470087,0.10751829361397244,0.8172466092096371,0.6480360687872183,0.6774480199544205,1.0,0.17923497267759564,0.13189860563215247,0.10232522129603344,0.03671646728044545,1.0
CICIDS,C&W,32,10,147.28537519997917,4.069508199812844,0.000991766355706858,0.9931330097530303,0.9915579203580345,0.9931330097530303,0.9922885660363883,0.9769105628437083,0.00046776703292507137,0.03826683423577914,0.8465765729637778,0.6970304370930569,0.705020683744327,1.0,0.03715846994535519,0.02183337890091005,0.044543084982838266,0.004796295275373504,1.0,0.9931230920894732,0.9915480893838057,0.9931230920894732,0.9922785940571446,0.9768769078611301,0.00046776703292507137,0.038325561728467565,0.8464825005952201,0.6968504228910417,0.704926869212736,1.0,0.03825136612021858,0.02183337890091005,0.044543084982838266,0.0049616847676277635,1.0
CICIDS,C&W,32,15,131.26106970012188,7.298762099584565,0.0009917663557179601,0.9954696112870945,0.9946372324858445,0.9954696112870945,0.9948333918106782,0.9848007728198274,0.0004653804664305557,0.024407145961310328,0.8655361396325808,0.733026329789914,0.7573265646850617,0.794344473007712,0.022950819672131147,0.0059368042807483494,0.02624583860228651,0.007166877997684547,0.9976689976689976,0.9954596936235374,0.9946273463750336,0.9954596936235374,0.9948234280971779,0.9847672991520371,0.0004653804664305557,0.024465873453998754,0.8654420672640233,0.7328463061760181,0.7572338799781727,0.794344473007712,0.024043715846994537,0.0059368042807483494,0.02624583860228651,0.007332267489938806,0.9976689976689976
CICIDS,C&W,32,20,88.78173710010014,3.7380152998957783,0.0009917663557179601,0.9973301649704156,0.9973372425483433,0.9973301649704156,0.9971146672467222,0.9910605812357052,0.0005250446287934474,0.013119721866594627,0.920311098408783,0.8409373277456504,0.8810018249527467,0.7840616966580977,0.022950819672131147,0.004296371518962621,0.013368086918372086,0.0013231159380340703,0.27505827505827507,0.9973202473068584,0.9973273109293379,0.9973202473068584,0.9971047099751732,0.9910272427320297,0.0005250446287934474,0.013178449359283055,0.9202170260402254,0.8407572964212788,0.8809092087877506,0.7840616966580977,0.024043715846994537,0.004296371518962621,0.013368086918372086,0.001488505430288329,0.27505827505827507
